,years_since_last_promotion2,hourly_rate2,job_satisfaction2,environment_satisfaction2,work_life_balance2
0,Group A,Group A,Group A,Group B,Group A
1,Group A,Group A,Group A,Group A,Group A
2,Group A,Group A,Group A,Group A,Group A
3,Group A,Group A,Group A,Group B,Group A
4,Group B,Group A,Group B,Group B,Group A
5,Group A,Group A,Group A,Group A,Group A
6,Group A,Group A,Group B,Group B,Group B
7,Group A,Group A,Group A,Group B,Group A
8,Group A,Group A,Group B,Group B,Group A
9,Group B,Group A,Group A,Group B,Group A
10,Group A,Group A,Group A,Group B,Group A
11,Group A,Group A,Group B,Group A,Group A
12,Group B,Group A,Group A,Group B,Group A
13,Group A,Group A,Group A,Group B,Group A
14,Group B,Group A,Group B,Group A,Group A
15,Group B,Group A,Group A,Group A,Group A
16,Group A,Group A,Group B,Group A,Group A
17,Group A,Group A,Group B,Group A,Group A
18,Group B,Group A,Group B,Group B,Group A
19,Group A,Group A,Group A,Group B,Group A
20,Group A,Group A,Group A,Group A,Group B
21,Group A,Group A,Group A,Group B,Group A
22,Group A,Group A,Group A,Group A,Group A
23,Group A,Group A,Group A,Group A,Group B
24,Group A,Group A,Group A,Group A,Group A
25,Group A,Group A,Group A,Group A,Group A
26,Group A,Group A,Group A,Group B,Group A
27,Group A,Group A,Group B,Group A,Group A
28,Group A,Group A,Group A,Group B,Group A
29,Group B,Group A,Group A,Group A,Group A
30,Group A,Group A,Group A,Group A,Group A
31,Group A,Group A,Group A,Group B,Group A
32,Group A,Group A,Group A,Group A,Group B
33,Group B,Group A,Group B,Group A,Group A
34,Group B,Group A,Group A,Group B,Group A
35,Group A,Group A,Group B,Group B,Group A
36,Group B,Group A,Group A,Group A,Group A
37,Group A,Group A,Group A,Group A,Group A
38,Group A,Group A,Group B,Group A,Group A
39,Group B,Group A,Group B,Group A,Group A
40,Group A,Group A,Group A,Group A,Group A
41,Group B,Group A,Group B,Group A,Group A
42,Group A,Group A,Group A,Group A,Group A
43,Group A,Group A,Group B,Group A,Group A
44,Group B,Group A,Group B,Group A,Group A
45,Group A,Group A,Group B,Group A,Group A
46,Group A,Group A,Group B,Group B,Group B
47,Group A,Group A,Group A,Group A,Group A
48,Group A,Group A,Group A,Group A,Group A
49,Group A,Group A,Group B,Group A,Group A
50,Group A,Group A,Group B,Group A,Group A
51,Group A,Group A,Group B,Group A,Group A
52,Group A,Group A,Group B,Group A,Group A
53,Group A,Group A,Group A,Group B,Group A
54,Group B,Group A,Group A,Group A,Group B
55,Group A,Group A,Group A,Group A,Group B
56,Group B,Group A,Group A,Group B,Group A
57,Group A,Group A,Group B,Group A,Group B
58,Group A,Group A,Group A,Group A,Group A
59,Group B,Group A,Group A,Group A,Group B
60,Group A,Group A,Group B,Group A,Group A
61,Group A,Group A,Group A,Group B,Group A
62,Group A,Group A,Group A,Group B,Group A
63,Group A,Group A,Group A,Group A,Group B
64,Group B,Group A,Group A,Group A,Group A
65,Group A,Group A,Group A,Group A,Group A
66,Group A,Group A,Group A,Group A,Group A
67,Group A,Group A,Group A,Group A,Group A
68,Group A,Group A,Group A,Group B,Group A
69,Group A,Group A,Group A,Group A,Group A
70,Group B,Group A,Group A,Group A,Group A
71,Group B,Group A,Group B,Group A,Group A
72,Group B,Group A,Group A,Group A,Group A
73,Group B,Group A,Group A,Group A,Group A
74,Group B,Group A,Group B,Group B,Group A
75,Group A,Group A,Group B,Group A,Group A
76,Group B,Group A,Group B,Group A,Group A
77,Group A,Group A,Group A,Group A,Group A
78,Group A,Group A,Group A,Group A,Group A
79,Group B,Group A,Group A,Group A,Group B
80,Group A,Group A,Group B,Group A,Group A
81,Group A,Group A,Group A,Group A,Group B
82,Group A,Group A,Group A,Group B,Group B
83,Group A,Group A,Group A,Group B,Group A
84,Group A,Group A,Group B,Group A,Group A
85,Group B,Group A,Group B,Group A,Group A
86,Group A,Group A,Group A,Group A,Group B
87,Group B,Group A,Group A,Group A,Group A
88,Group A,Group A,Group B,Group B,Group A
89,Group A,Group A,Group B,Group B,Group B
90,Group A,Group A,Group A,Group B,Group A
91,Group A,Group A,Group B,Group A,Group A
92,Group B,Group A,Group A,Group A,Group A
93,Group A,Group A,Group A,Group A,Group B
94,Group A,Group A,Group A,Group B,Group A
95,Group A,Group A,Group A,Group B,Group A
96,Group A,Group A,Group A,Group B,Group A
97,Group B,Group A,Group B,Group A,Group B
98,Group B,Group A,Group B,Group B,Group A
99,Group A,Group A,Group B,Group B,Group B
100,Group A,Group A,Group A,Group B,Group A
101,Group A,Group A,Group A,Group A,Group A
102,Group A,Group A,Group A,Group B,Group A
103,Group A,Group A,Group B,Group B,Group A
104,Group A,Group A,Group B,Group A,Group A
105,Group A,Group A,Group A,Group A,Group A
106,Group A,Group A,Group A,Group A,Group A
107,Group A,Group A,Group B,Group B,Group A
108,Group A,Group A,Group B,Group A,Group B
109,Group A,Group A,Group A,Group A,Group B
110,Group B,Group A,Group B,Group B,Group A
111,Group A,Group A,Group A,Group B,Group A
112,Group A,Group A,Group B,Group A,Group A
113,Group B,Group A,Group A,Group A,Group B
114,Group A,Group A,Group B,Group B,Group B
115,Group A,Group A,Group B,Group A,Group A
116,Group A,Group A,Group B,Group A,Group B
117,Group A,Group A,Group B,Group B,Group A
118,Group A,Group A,Group B,Group A,Group A
119,Group A,Group A,Group A,Group A,Group A
120,Group A,Group A,Group A,Group A,Group A
121,Group A,Group A,Group A,Group A,Group A
122,Group B,Group A,Group A,Group A,Group A
123,Group A,Group A,Group A,Group A,Group B
124,Group B,Group A,Group A,Group B,Group A
125,Group A,Group A,Group A,Group B,Group A
126,Group A,Group A,Group B,Group B,Group A
127,Group A,Group A,Group A,Group B,Group A
128,Group A,Group A,Group B,Group A,Group B
129,Group A,Group A,Group B,Group A,Group A
130,Group B,Group A,Group A,Group A,Group A
131,Group A,Group A,Group A,Group B,Group B
132,Group A,Group A,Group A,Group A,Group B
133,Group A,Group A,Group A,Group A,Group A
134,Group A,Group A,Group A,Group A,Group A
135,Group B,Group A,Group B,Group B,Group B
136,Group B,Group A,Group A,Group B,Group A
137,Group B,Group A,Group A,Group A,Group B
138,Group A,Group A,Group A,Group B,Group A
139,Group B,Group A,Group A,Group B,Group A
140,Group A,Group A,Group B,Group B,Group B
141,Group A,Group A,Group B,Group A,Group A
142,Group A,Group A,Group B,Group A,Group A
143,Group B,Group A,Group A,Group A,Group A
144,Group B,Group A,Group B,Group A,Group A
145,Group A,Group A,Group B,Group B,Group A
146,Group A,Group A,Group B,Group A,Group A
147,Group A,Group A,Group B,Group A,Group B
148,Group B,Group A,Group B,Group A,Group A
149,Group A,Group A,Group B,Group A,Group A
150,Group A,Group A,Group A,Group A,Group A
151,Group B,Group A,Group B,Group A,Group A
152,Group A,Group A,Group B,Group B,Group B
153,Group B,Group A,Group A,Group A,Group A
154,Group B,Group A,Group B,Group B,Group B
155,Group A,Group A,Group B,Group A,Group A
156,Group A,Group A,Group A,Group B,Group A
157,Group B,Group A,Group A,Group B,Group B
158,Group A,Group A,Group B,Group B,Group A
159,Group B,Group A,Group A,Group B,Group A
160,Group A,Group A,Group A,Group A,Group A
161,Group B,Group A,Group B,Group B,Group A
162,Group A,Group A,Group A,Group B,Group B
163,Group A,Group A,Group A,Group A,Group A
164,Group A,Group A,Group A,Group B,Group A
165,Group A,Group A,Group A,Group A,Group A
166,Group A,Group A,Group B,Group B,Group B
167,Group B,Group A,Group A,Group B,Group A
168,Group B,Group A,Group A,Group B,Group A
169,Group B,Group A,Group B,Group A,Group A
170,Group A,Group A,Group A,Group A,Group A
171,Group A,Group A,Group A,Group A,Group A
172,Group A,Group A,Group A,Group A,Group B
173,Group A,Group A,Group A,Group A,Group B
174,Group A,Group A,Group A,Group B,Group A
175,Group B,Group A,Group A,Group A,Group A
176,Group A,Group A,Group A,Group A,Group A
177,Group B,Group A,Group B,Group B,Group B
178,Group A,Group A,Group A,Group B,Group A
179,Group A,Group A,Group A,Group A,Group A
180,Group A,Group A,Group A,Group A,Group A
181,Group B,Group A,Group B,Group A,Group B
182,Group A,Group A,Group A,Group B,Group A
183,Group B,Group A,Group B,Group A,Group A
184,Group A,Group A,Group A,Group B,Group A
185,Group B,Group A,Group A,Group B,Group A
186,Group A,Group A,Group A,Group A,Group A
187,Group A,Group A,Group A,Group B,Group A
188,Group A,Group A,Group A,Group A,Group B
189,Group A,Group A,Group A,Group A,Group A
190,Group B,Group A,Group A,Group B,Group A
191,Group A,Group A,Group A,Group B,Group A
192,Group A,Group A,Group A,Group B,Group A
193,Group B,Group A,Group B,Group B,Group A
194,Group A,Group A,Group A,Group A,Group B
195,Group B,Group A,Group B,Group B,Group A
196,Group B,Group A,Group A,Group A,Group A
197,Group B,Group A,Group A,Group B,Group A
198,Group A,Group A,Group B,Group B,Group B
199,Group A,Group A,Group B,Group A,Group A
200,Group B,Group A,Group B,Group A,Group A
201,Group A,Group A,Group B,Group B,Group A
202,Group A,Group A,Group A,Group A,Group A
203,Group A,Group A,Group A,Group B,Group A
204,Group A,Group A,Group B,Group B,Group B
205,Group A,Group A,Group A,Group A,Group A
206,Group B,Group A,Group A,Group A,Group A
207,Group B,Group A,Group B,Group B,Group A
208,Group B,Group A,Group A,Group A,Group A
209,Group A,Group A,Group B,Group B,Group A
210,Group A,Group A,Group A,Group A,Group B
211,Group B,Group A,Group A,Group A,Group B
212,Group A,Group A,Group A,Group A,Group A
213,Group A,Group A,Group A,Group A,Group A
214,Group A,Group A,Group A,Group A,Group A
215,Group B,Group A,Group B,Group A,Group A
216,Group A,Group A,Group A,Group A,Group B
217,Group B,Group A,Group B,Group A,Group A
218,Group A,Group A,Group B,Group A,Group B
219,Group B,Group A,Group A,Group B,Group A
220,Group A,Group A,Group A,Group A,Group B
221,Group B,Group A,Group A,Group A,Group A
222,Group A,Group A,Group B,Group A,Group A
223,Group A,Group A,Group A,Group A,Group A
224,Group A,Group A,Group A,Group A,Group B
225,Group B,Group A,Group A,Group A,Group B
226,Group A,Group A,Group A,Group A,Group A
227,Group A,Group A,Group B,Group A,Group A
228,Group B,Group A,Group B,Group A,Group A
229,Group A,Group A,Group B,Group A,Group A
230,Group A,Group A,Group B,Group A,Group A
231,Group A,Group A,Group B,Group A,Group B
232,Group A,Group A,Group B,Group B,Group B
233,Group A,Group A,Group B,Group A,Group B
234,Group A,Group A,Group A,Group B,Group A
235,Group A,Group A,Group A,Group A,Group B
236,Group A,Group A,Group B,Group B,Group A
237,Group A,Group A,Group B,Group B,Group A
238,Group A,Group A,Group B,Group A,Group A
239,Group A,Group A,Group A,Group B,Group A
240,Group B,Group A,Group A,Group A,Group A
241,Group A,Group A,Group B,Group A,Group A
242,Group A,Group A,Group A,Group B,Group A
243,Group A,Group A,Group A,Group A,Group A
244,Group A,Group A,Group A,Group A,Group A
245,Group A,Group A,Group B,Group B,Group B
246,Group B,Group A,Group B,Group A,Group B
247,Group A,Group A,Group B,Group A,Group A
248,Group A,Group A,Group B,Group A,Group A
249,Group A,Group A,Group A,Group B,Group A
250,Group A,Group A,Group A,Group A,Group A
251,Group A,Group A,Group A,Group A,Group B
252,Group A,Group A,Group A,Group B,Group A
253,Group B,Group A,Group A,Group B,Group A
254,Group A,Group A,Group A,Group B,Group B
255,Group B,Group A,Group A,Group B,Group B
256,Group A,Group A,Group B,Group A,Group A
257,Group B,Group A,Group A,Group A,Group A
258,Group A,Group A,Group B,Group B,Group A
259,Group A,Group A,Group B,Group B,Group A
260,Group B,Group A,Group B,Group A,Group B
261,Group A,Group A,Group B,Group A,Group B
262,Group B,Group A,Group A,Group B,Group A
263,Group B,Group A,Group B,Group A,Group A
264,Group A,Group A,Group A,Group B,Group A
265,Group A,Group A,Group A,Group A,Group B
266,Group B,Group A,Group A,Group A,Group A
267,Group A,Group A,Group A,Group A,Group B
268,Group A,Group A,Group B,Group A,Group A
269,Group B,Group A,Group A,Group A,Group B
270,Group B,Group A,Group A,Group A,Group A
271,Group B,Group A,Group A,Group A,Group B
272,Group B,Group A,Group A,Group B,Group A
273,Group B,Group A,Group A,Group B,Group A
274,Group B,Group A,Group A,Group B,Group B
275,Group B,Group A,Group B,Group B,Group A
276,Group A,Group A,Group A,Group B,Group B
277,Group B,Group A,Group A,Group A,Group A
278,Group A,Group A,Group A,Group A,Group A
279,Group B,Group A,Group A,Group A,Group A
280,Group B,Group A,Group B,Group B,Group A
281,Group A,Group A,Group A,Group B,Group B
282,Group B,Group A,Group A,Group A,Group A
283,Group A,Group A,Group B,Group A,Group B
284,Group B,Group A,Group B,Group A,Group A
285,Group B,Group A,Group B,Group A,Group A
286,Group B,Group A,Group B,Group A,Group B
287,Group B,Group A,Group B,Group B,Group B
288,Group B,Group A,Group A,Group A,Group B
289,Group B,Group A,Group A,Group A,Group A
290,Group B,Group A,Group A,Group A,Group A
291,Group A,Group A,Group A,Group A,Group A
292,Group B,Group A,Group A,Group A,Group A
293,Group B,Group A,Group B,Group B,Group A
294,Group A,Group A,Group A,Group B,Group A
295,Group A,Group A,Group A,Group B,Group A
296,Group A,Group A,Group A,Group A,Group A
297,Group A,Group A,Group B,Group B,Group B
298,Group A,Group A,Group A,Group A,Group A
299,Group A,Group A,Group B,Group B,Group B
300,Group A,Group A,Group B,Group B,Group B
301,Group B,Group A,Group A,Group B,Group A
302,Group B,Group A,Group A,Group B,Group A
303,Group A,Group A,Group A,Group A,Group A
304,Group A,Group A,Group A,Group B,Group B
305,Group B,Group A,Group A,Group A,Group A
306,Group B,Group A,Group A,Group A,Group A
307,Group B,Group A,Group A,Group B,Group B
308,Group B,Group A,Group A,Group B,Group B
309,Group B,Group A,Group A,Group A,Group A
310,Group B,Group A,Group B,Group B,Group B
311,Group B,Group A,Group B,Group B,Group A
312,Group B,Group A,Group B,Group A,Group A
313,Group A,Group A,Group B,Group A,Group A
314,Group A,Group A,Group A,Group A,Group A
315,Group B,Group A,Group A,Group A,Group A
316,Group A,Group A,Group B,Group B,Group A
317,Group B,Group A,Group A,Group A,Group B
318,Group A,Group A,Group B,Group A,Group B
319,Group A,Group A,Group B,Group A,Group B
320,Group B,Group A,Group B,Group B,Group A
321,Group B,Group A,Group A,Group A,Group B
322,Group A,Group A,Group A,Group A,Group B
323,Group B,Group A,Group A,Group A,Group A
324,Group A,Group A,Group A,Group B,Group A
325,Group A,Group A,Group B,Group A,Group A
326,Group B,Group A,Group A,Group B,Group A
327,Group B,Group A,Group A,Group B,Group A
328,Group A,Group A,Group A,Group A,Group A
329,Group A,Group A,Group A,Group B,Group A
330,Group A,Group A,Group A,Group A,Group A
331,Group A,Group A,Group B,Group A,Group A
332,Group A,Group A,Group A,Group A,Group A
333,Group A,Group A,Group B,Group A,Group A
334,Group B,Group A,Group A,Group A,Group A
335,Group B,Group A,Group A,Group B,Group A
336,Group A,Group A,Group B,Group A,Group A
337,Group A,Group A,Group A,Group A,Group A
338,Group B,Group A,Group A,Group A,Group B
339,Group B,Group A,Group A,Group B,Group A
340,Group B,Group A,Group B,Group A,Group A
341,Group A,Group A,Group A,Group A,Group A
342,Group B,Group A,Group B,Group A,Group A
343,Group B,Group A,Group B,Group A,Group B
344,Group B,Group A,Group A,Group A,Group A
345,Group A,Group A,Group B,Group A,Group A
346,Group B,Group A,Group B,Group B,Group A
347,Group A,Group A,Group A,Group A,Group B
348,Group B,Group A,Group A,Group A,Group B
349,Group A,Group A,Group A,Group B,Group A
350,Group B,Group A,Group B,Group B,Group A
351,Group B,Group A,Group A,Group B,Group B
352,Group A,Group A,Group B,Group B,Group A
353,Group A,Group A,Group B,Group B,Group A
354,Group A,Group A,Group A,Group B,Group B
355,Group B,Group A,Group B,Group A,Group A
356,Group B,Group A,Group A,Group A,Group A
357,Group A,Group A,Group A,Group A,Group B
358,Group A,Group A,Group B,Group B,Group A
359,Group B,Group A,Group A,Group A,Group A
360,Group A,Group A,Group B,Group B,Group A
361,Group B,Group A,Group A,Group B,Group B
362,Group A,Group A,Group A,Group B,Group A
363,Group B,Group A,Group B,Group B,Group A
364,Group A,Group A,Group A,Group A,Group B
365,Group A,Group A,Group B,Group A,Group A
366,Group A,Group A,Group A,Group A,Group A
367,Group B,Group A,Group B,Group A,Group B
368,Group B,Group A,Group A,Group B,Group A
369,Group B,Group A,Group A,Group B,Group A
370,Group B,Group A,Group A,Group A,Group A
371,Group B,Group A,Group A,Group A,Group A
372,Group B,Group A,Group B,Group B,Group B
373,Group B,Group A,Group A,Group A,Group A
374,Group A,Group A,Group B,Group A,Group A
375,Group B,Group A,Group A,Group A,Group A
376,Group A,Group A,Group A,Group A,Group A
377,Group A,Group A,Group B,Group A,Group A
378,Group A,Group A,Group B,Group A,Group B
379,Group A,Group A,Group B,Group A,Group A
380,Group B,Group A,Group B,Group B,Group B
381,Group B,Group A,Group A,Group A,Group A
382,Group A,Group A,Group B,Group A,Group A
383,Group A,Group A,Group A,Group A,Group A
384,Group A,Group A,Group A,Group A,Group A
385,Group B,Group A,Group A,Group A,Group A
386,Group B,Group A,Group B,Group B,Group B
387,Group B,Group A,Group B,Group A,Group A
388,Group A,Group A,Group A,Group B,Group A
389,Group A,Group A,Group A,Group A,Group A
390,Group B,Group A,Group A,Group B,Group B
391,Group B,Group A,Group A,Group B,Group B
392,Group B,Group A,Group A,Group B,Group A
393,Group A,Group A,Group B,Group A,Group A
394,Group A,Group A,Group A,Group A,Group A
395,Group B,Group A,Group B,Group A,Group A
396,Group B,Group A,Group A,Group B,Group B
397,Group B,Group A,Group A,Group A,Group A
398,Group A,Group A,Group A,Group A,Group B
399,Group B,Group A,Group A,Group B,Group A
400,Group B,Group A,Group A,Group A,Group A
401,Group A,Group A,Group B,Group A,Group A
402,Group A,Group A,Group B,Group B,Group B
403,Group B,Group A,Group A,Group A,Group A
404,Group B,Group A,Group A,Group A,Group B
405,Group A,Group A,Group A,Group B,Group B
406,Group A,Group A,Group A,Group A,Group A
407,Group B,Group A,Group A,Group B,Group A
408,Group A,Group A,Group A,Group B,Group A
409,Group B,Group A,Group A,Group A,Group A
410,Group B,Group A,Group A,Group A,Group A
411,Group A,Group A,Group B,Group B,Group B
412,Group B,Group A,Group A,Group B,Group A
413,Group B,Group A,Group A,Group A,Group B
414,Group B,Group A,Group B,Group B,Group A
415,Group A,Group A,Group B,Group B,Group B
416,Group B,Group A,Group A,Group A,Group A
417,Group A,Group A,Group A,Group B,Group B
418,Group A,Group A,Group A,Group B,Group A
419,Group B,Group A,Group A,Group B,Group B
420,Group B,Group A,Group B,Group A,Group A
421,Group B,Group A,Group B,Group A,Group A
422,Group A,Group A,Group A,Group A,Group A
423,Group A,Group A,Group A,Group A,Group B
424,Group B,Group A,Group A,Group B,Group A
425,Group B,Group A,Group A,Group A,Group A
426,Group A,Group A,Group A,Group B,Group A
427,Group A,Group A,Group A,Group B,Group A
428,Group B,Group A,Group B,Group B,Group A
429,Group B,Group A,Group B,Group A,Group A
430,Group B,Group A,Group A,Group A,Group A
431,Group B,Group A,Group B,Group B,Group B
432,Group B,Group A,Group B,Group A,Group A
433,Group A,Group A,Group A,Group A,Group A
434,Group A,Group A,Group A,Group A,Group A
435,Group B,Group A,Group A,Group A,Group A
436,Group B,Group A,Group A,Group B,Group B
437,Group B,Group A,Group B,Group A,Group A
438,Group A,Group A,Group B,Group B,Group A
439,Group A,Group A,Group A,Group A,Group A
440,Group A,Group A,Group B,Group B,Group A
441,Group B,Group A,Group B,Group A,Group A
442,Group A,Group A,Group A,Group A,Group A
443,Group B,Group A,Group A,Group B,Group A
444,Group B,Group A,Group A,Group A,Group A
445,Group B,Group A,Group A,Group A,Group A
446,Group A,Group A,Group A,Group A,Group A
447,Group A,Group A,Group A,Group A,Group A
448,Group A,Group A,Group A,Group A,Group A
449,Group A,Group A,Group A,Group A,Group B
450,Group B,Group A,Group B,Group A,Group A
451,Group B,Group A,Group A,Group A,Group A
452,Group B,Group A,Group B,Group A,Group A
453,Group B,Group A,Group B,Group A,Group A
454,Group B,Group A,Group B,Group A,Group B
455,Group B,Group A,Group B,Group B,Group A
456,Group B,Group A,Group A,Group B,Group A
457,Group A,Group A,Group A,Group B,Group A
458,Group A,Group A,Group A,Group A,Group A
459,Group B,Group A,Group A,Group B,Group A
460,Group B,Group A,Group A,Group B,Group A
461,Group A,Group A,Group B,Group A,Group A
462,Group A,Group A,Group A,Group A,Group A
463,Group A,Group A,Group A,Group B,Group A
464,Group B,Group A,Group B,Group A,Group A
465,Group A,Group A,Group B,Group B,Group A
466,Group B,Group A,Group A,Group B,Group B
467,Group A,Group A,Group B,Group A,Group A
468,Group A,Group A,Group A,Group A,Group A
469,Group B,Group A,Group A,Group A,Group A
470,Group B,Group A,Group B,Group A,Group A
471,Group B,Group A,Group A,Group A,Group B
472,Group A,Group A,Group B,Group A,Group A
473,Group B,Group A,Group A,Group A,Group A
474,Group B,Group A,Group A,Group B,Group A
475,Group B,Group A,Group A,Group A,Group A
476,Group A,Group A,Group A,Group A,Group A
477,Group B,Group A,Group A,Group B,Group A
478,Group A,Group A,Group A,Group B,Group A
479,Group B,Group A,Group A,Group B,Group A
480,Group A,Group A,Group A,Group A,Group A
481,Group B,Group A,Group B,Group B,Group A
482,Group B,Group A,Group A,Group A,Group A
483,Group B,Group A,Group A,Group B,Group A
484,Group B,Group A,Group B,Group A,Group A
485,Group B,Group A,Group B,Group B,Group A
486,Group A,Group A,Group A,Group B,Group A
487,Group B,Group A,Group A,Group B,Group A
488,Group A,Group A,Group B,Group A,Group B
489,Group A,Group A,Group A,Group A,Group A
490,Group A,Group A,Group B,Group A,Group A
491,Group A,Group A,Group B,Group A,Group A
492,Group B,Group A,Group B,Group A,Group A
493,Group A,Group A,Group A,Group B,Group A
494,Group A,Group A,Group A,Group B,Group A
495,Group A,Group A,Group A,Group B,Group B
496,Group B,Group A,Group B,Group A,Group B
497,Group B,Group A,Group B,Group A,Group A
498,Group A,Group A,Group A,Group B,Group B
499,Group A,Group A,Group A,Group A,Group A
500,Group A,Group A,Group B,Group B,Group A
501,Group B,Group A,Group A,Group A,Group B
502,Group A,Group A,Group A,Group A,Group A
503,Group B,Group A,Group B,Group A,Group A
504,Group B,Group A,Group A,Group B,Group A
505,Group A,Group A,Group B,Group B,Group A
506,Group A,Group A,Group B,Group A,Group A
507,Group A,Group A,Group B,Group B,Group A
508,Group A,Group A,Group A,Group A,Group A
509,Group A,Group A,Group B,Group A,Group A
510,Group B,Group A,Group A,Group A,Group A
511,Group B,Group A,Group B,Group A,Group B
512,Group A,Group A,Group B,Group A,Group A
513,Group A,Group A,Group A,Group A,Group A
514,Group B,Group A,Group A,Group A,Group A
515,Group A,Group A,Group A,Group A,Group A
516,Group B,Group A,Group B,Group B,Group B
517,Group A,Group A,Group B,Group A,Group A
518,Group B,Group A,Group A,Group A,Group B
519,Group A,Group A,Group B,Group A,Group A
520,Group A,Group A,Group A,Group B,Group B
521,Group B,Group A,Group B,Group A,Group B
522,Group B,Group A,Group A,Group A,Group A
523,Group A,Group A,Group A,Group B,Group A
524,Group B,Group A,Group A,Group B,Group A
525,Group B,Group A,Group B,Group B,Group A
526,Group B,Group A,Group A,Group A,Group B
527,Group B,Group A,Group A,Group A,Group A
528,Group B,Group A,Group B,Group A,Group B
529,Group B,Group A,Group A,Group B,Group A
530,Group B,Group A,Group A,Group A,Group A
531,Group B,Group A,Group A,Group B,Group A
532,Group B,Group A,Group A,Group A,Group A
533,Group A,Group A,Group B,Group B,Group A
534,Group A,Group A,Group B,Group B,Group B
535,Group B,Group A,Group A,Group B,Group A
536,Group A,Group A,Group B,Group B,Group A
537,Group B,Group A,Group A,Group B,Group A
538,Group B,Group A,Group A,Group A,Group A
539,Group B,Group A,Group A,Group A,Group B
540,Group B,Group A,Group A,Group A,Group A
541,Group B,Group A,Group B,Group A,Group A
542,Group B,Group A,Group A,Group A,Group A
543,Group B,Group A,Group B,Group B,Group B
544,Group B,Group A,Group B,Group A,Group A
545,Group B,Group A,Group A,Group A,Group A
546,Group B,Group A,Group B,Group A,Group B
547,Group B,Group A,Group A,Group B,Group B
548,Group A,Group A,Group B,Group A,Group A
549,Group A,Group A,Group A,Group B,Group A
550,Group B,Group A,Group B,Group A,Group B
551,Group B,Group A,Group A,Group A,Group B
552,Group B,Group A,Group A,Group B,Group B
553,Group B,Group A,Group A,Group A,Group B
554,Group B,Group A,Group B,Group A,Group B
555,Group B,Group A,Group B,Group A,Group B
556,Group B,Group A,Group A,Group A,Group A
557,Group A,Group A,Group A,Group A,Group B
558,Group B,Group A,Group A,Group B,Group B
559,Group B,Group A,Group B,Group B,Group A
560,Group B,Group A,Group B,Group A,Group A
561,Group B,Group A,Group B,Group B,Group A
562,Group B,Group A,Group A,Group B,Group A
563,Group B,Group A,Group A,Group A,Group B
564,Group B,Group A,Group A,Group B,Group A
565,Group B,Group A,Group A,Group A,Group A
566,Group A,Group A,Group B,Group B,Group A
567,Group A,Group A,Group B,Group A,Group B
568,Group B,Group A,Group B,Group B,Group A
569,Group B,Group A,Group A,Group B,Group B
570,Group A,Group A,Group B,Group A,Group A
571,Group B,Group A,Group A,Group A,Group A
572,Group B,Group A,Group B,Group A,Group A
573,Group B,Group A,Group A,Group A,Group A
574,Group B,Group A,Group A,Group B,Group B
575,Group B,Group A,Group A,Group A,Group A
576,Group B,Group A,Group A,Group A,Group B
577,Group B,Group A,Group B,Group A,Group A
578,Group B,Group A,Group A,Group A,Group A
579,Group B,Group A,Group B,Group B,Group B
580,Group A,Group A,Group B,Group A,Group A
581,Group B,Group A,Group A,Group A,Group A
582,Group B,Group A,Group B,Group A,Group A
583,Group B,Group A,Group B,Group A,Group A
584,Group B,Group A,Group B,Group A,Group A
585,Group B,Group A,Group A,Group B,Group A
586,Group B,Group A,Group A,Group A,Group A
587,Group B,Group A,Group B,Group A,Group A
588,Group B,Group A,Group B,Group A,Group A
589,Group B,Group A,Group A,Group B,Group A
590,Group A,Group A,Group A,Group B,Group A
591,Group B,Group A,Group A,Group A,Group A
592,Group B,Group A,Group A,Group B,Group A
593,Group B,Group A,Group A,Group A,Group A
594,Group A,Group A,Group A,Group A,Group A
595,Group B,Group A,Group A,Group A,Group B
596,Group B,Group A,Group A,Group B,Group A
597,Group B,Group A,Group A,Group B,Group A
598,Group B,Group A,Group A,Group B,Group A
599,Group B,Group A,Group A,Group B,Group A
600,Group B,Group A,Group A,Group B,Group B
601,Group B,Group A,Group B,Group A,Group A
602,Group B,Group A,Group B,Group B,Group A
603,Group B,Group A,Group A,Group A,Group A
604,Group B,Group A,Group A,Group A,Group A
605,Group B,Group A,Group A,Group A,Group A
606,Group B,Group A,Group A,Group A,Group A
607,Group A,Group A,Group A,Group A,Group A
608,Group B,Group A,Group A,Group A,Group B
609,Group B,Group A,Group A,Group B,Group B
610,Group A,Group A,Group A,Group A,Group A
611,Group B,Group A,Group A,Group B,Group A
612,Group B,Group A,Group A,Group B,Group B
613,Group B,Group A,Group B,Group A,Group B
614,Group B,Group A,Group A,Group A,Group B
615,Group B,Group A,Group B,Group B,Group A
616,Group B,Group A,Group A,Group A,Group A
617,Group B,Group A,Group A,Group B,Group B
618,Group B,Group A,Group A,Group B,Group A
619,Group B,Group A,Group A,Group A,Group B
620,Group B,Group A,Group B,Group A,Group A
621,Group B,Group A,Group A,Group A,Group A
622,Group B,Group A,Group A,Group A,Group A
623,Group B,Group A,Group B,Group A,Group A
624,Group B,Group A,Group A,Group B,Group A
625,Group B,Group A,Group A,Group B,Group A
626,Group B,Group A,Group A,Group A,Group A
627,Group B,Group A,Group A,Group A,Group A
628,Group B,Group A,Group A,Group A,Group A
629,Group B,Group A,Group B,Group A,Group B
630,Group B,Group A,Group B,Group B,Group A
631,Group B,Group A,Group A,Group A,Group B
632,Group B,Group A,Group A,Group A,Group A
633,Group B,Group A,Group B,Group A,Group B
634,Group B,Group A,Group B,Group A,Group A
635,Group B,Group A,Group B,Group B,Group A
636,Group B,Group A,Group A,Group A,Group B
637,Group B,Group A,Group B,Group A,Group B
638,Group B,Group A,Group A,Group A,Group A
639,Group A,Group A,Group B,Group B,Group A
640,Group B,Group A,Group A,Group B,Group A
641,Group B,Group A,Group B,Group A,Group A
642,Group B,Group A,Group B,Group A,Group A
643,Group B,Group A,Group B,Group B,Group B
644,Group B,Group A,Group A,Group A,Group A
645,Group A,Group A,Group B,Group B,Group B
646,Group B,Group A,Group B,Group A,Group A
647,Group B,Group A,Group B,Group B,Group A
648,Group B,Group A,Group A,Group A,Group A
649,Group B,Group A,Group A,Group B,Group A
650,Group B,Group A,Group A,Group A,Group B
651,Group B,Group A,Group A,Group A,Group A
652,Group B,Group A,Group A,Group B,Group A
653,Group A,Group A,Group B,Group B,Group A
654,Group B,Group A,Group A,Group A,Group B
655,Group B,Group A,Group B,Group A,Group A
656,Group B,Group A,Group A,Group B,Group B
657,Group A,Group A,Group A,Group B,Group A
658,Group B,Group A,Group B,Group B,Group A
659,Group B,Group A,Group B,Group A,Group A
660,Group B,Group A,Group B,Group A,Group B
661,Group B,Group A,Group B,Group B,Group A
662,Group B,Group A,Group B,Group A,Group A
663,Group B,Group A,Group A,Group A,Group B
664,Group B,Group A,Group B,Group B,Group A
665,Group B,Group A,Group B,Group B,Group B
666,Group A,Group A,Group A,Group A,Group A
667,Group A,Group A,Group A,Group B,Group B
668,Group B,Group A,Group A,Group B,Group B
669,Group A,Group A,Group B,Group A,Group B
670,Group B,Group A,Group A,Group B,Group B
671,Group B,Group A,Group B,Group B,Group B
672,Group A,Group A,Group A,Group A,Group A
673,Group B,Group A,Group A,Group B,Group A
674,Group B,Group A,Group A,Group A,Group A
675,Group B,Group A,Group A,Group B,Group A
676,Group B,Group A,Group A,Group B,Group A
677,Group B,Group A,Group A,Group A,Group B
678,Group B,Group A,Group A,Group B,Group A
679,Group B,Group A,Group B,Group B,Group B
680,Group B,Group A,Group A,Group A,Group A
681,Group B,Group A,Group A,Group A,Group A
682,Group B,Group A,Group B,Group A,Group B
683,Group B,Group A,Group A,Group B,Group A
684,Group B,Group A,Group B,Group A,Group A
685,Group B,Group A,Group B,Group B,Group A
686,Group B,Group A,Group A,Group A,Group B
687,Group A,Group A,Group B,Group B,Group A
688,Group B,Group A,Group A,Group A,Group A
689,Group B,Group A,Group B,Group B,Group A
690,Group B,Group A,Group A,Group A,Group A
691,Group B,Group A,Group B,Group A,Group A
692,Group B,Group A,Group A,Group A,Group B
693,Group B,Group A,Group A,Group A,Group B
694,Group B,Group A,Group A,Group A,Group B
695,Group B,Group A,Group A,Group A,Group A
696,Group B,Group A,Group B,Group B,Group A
697,Group B,Group A,Group A,Group A,Group B
698,Group A,Group A,Group A,Group A,Group A
699,Group B,Group A,Group A,Group B,Group A
700,Group A,Group A,Group A,Group B,Group B
701,Group B,Group A,Group A,Group A,Group A
702,Group B,Group A,Group A,Group A,Group A
703,Group B,Group A,Group B,Group B,Group A
704,Group B,Group A,Group A,Group B,Group A
705,Group B,Group A,Group A,Group B,Group B
706,Group B,Group A,Group B,Group A,Group A
707,Group B,Group A,Group A,Group B,Group A
708,Group B,Group A,Group B,Group B,Group A
709,Group A,Group A,Group B,Group A,Group B
710,Group B,Group A,Group A,Group A,Group A
711,Group B,Group A,Group B,Group A,Group B
712,Group B,Group A,Group B,Group A,Group A
713,Group A,Group A,Group B,Group A,Group B
714,Group B,Group A,Group A,Group A,Group A
715,Group B,Group A,Group A,Group A,Group A
716,Group B,Group A,Group B,Group B,Group B
717,Group B,Group A,Group B,Group B,Group B
718,Group B,Group A,Group A,Group A,Group B
719,Group B,Group A,Group B,Group A,Group A
720,Group B,Group A,Group A,Group A,Group B
721,Group B,Group A,Group B,Group A,Group A
722,Group B,Group A,Group A,Group B,Group A
723,Group B,Group A,Group A,Group A,Group A
724,Group B,Group A,Group A,Group A,Group A
725,Group B,Group A,Group B,Group A,Group A
726,Group B,Group A,Group B,Group B,Group B
727,Group A,Group A,Group A,Group A,Group A
728,Group B,Group A,Group A,Group A,Group A
729,Group B,Group A,Group B,Group B,Group A
730,Group B,Group A,Group B,Group A,Group B
731,Group B,Group A,Group A,Group B,Group A
732,Group B,Group A,Group B,Group B,Group A
733,Group B,Group A,Group B,Group A,Group B
734,Group B,Group A,Group B,Group A,Group A
735,Group B,Group A,Group A,Group A,Group A
736,Group B,Group A,Group A,Group B,Group B
737,Group B,Group A,Group B,Group A,Group A
738,Group B,Group A,Group A,Group A,Group B
739,Group B,Group A,Group B,Group A,Group A
740,Group B,Group A,Group A,Group A,Group A
741,Group B,Group A,Group A,Group B,Group A
742,Group A,Group A,Group B,Group A,Group A
743,Group B,Group A,Group B,Group A,Group A
744,Group B,Group A,Group B,Group A,Group A
745,Group B,Group A,Group A,Group A,Group B
746,Group B,Group A,Group A,Group B,Group A
747,Group B,Group A,Group B,Group B,Group A
748,Group B,Group A,Group B,Group A,Group A
749,Group B,Group A,Group A,Group A,Group A
750,Group B,Group A,Group B,Group A,Group A
751,Group B,Group A,Group B,Group B,Group B
752,Group B,Group A,Group A,Group A,Group A
753,Group B,Group A,Group A,Group B,Group A
754,Group B,Group A,Group B,Group A,Group A
755,Group A,Group A,Group A,Group B,Group A
756,Group B,Group A,Group A,Group A,Group A
757,Group B,Group A,Group B,Group B,Group B
758,Group B,Group A,Group A,Group A,Group B
759,Group B,Group A,Group A,Group B,Group A
760,Group B,Group A,Group B,Group B,Group A
761,Group A,Group A,Group B,Group A,Group A
762,Group B,Group A,Group A,Group B,Group A
763,Group B,Group A,Group A,Group A,Group B
764,Group B,Group A,Group A,Group A,Group A
765,Group B,Group A,Group A,Group A,Group A
766,Group B,Group A,Group A,Group A,Group B
767,Group B,Group A,Group B,Group B,Group B
768,Group B,Group A,Group B,Group A,Group A
769,Group B,Group A,Group B,Group A,Group B
770,Group B,Group A,Group A,Group A,Group A
771,Group B,Group A,Group A,Group A,Group A
772,Group B,Group A,Group B,Group A,Group B
773,Group B,Group A,Group B,Group A,Group A
774,Group B,Group A,Group A,Group A,Group A
775,Group B,Group A,Group A,Group A,Group A
776,Group A,Group A,Group A,Group A,Group B
777,Group B,Group A,Group A,Group A,Group A
778,Group B,Group A,Group B,Group A,Group A
779,Group B,Group A,Group B,Group B,Group B
780,Group B,Group A,Group B,Group B,Group B
781,Group B,Group A,Group A,Group A,Group B
782,Group B,Group A,Group B,Group B,Group B
783,Group B,Group A,Group A,Group B,Group B
784,Group B,Group A,Group A,Group A,Group B
785,Group A,Group A,Group A,Group B,Group A
786,Group B,Group A,Group B,Group A,Group B
787,Group B,Group A,Group A,Group A,Group A
788,Group B,Group A,Group A,Group B,Group B
789,Group B,Group A,Group A,Group B,Group A
790,Group B,Group A,Group A,Group B,Group A
791,Group B,Group A,Group A,Group B,Group B
792,Group B,Group A,Group A,Group A,Group A
793,Group B,Group A,Group A,Group A,Group A
794,Group B,Group A,Group A,Group A,Group A
795,Group B,Group A,Group B,Group A,Group A
796,Group B,Group A,Group A,Group B,Group A
797,Group B,Group A,Group B,Group B,Group A
798,Group A,Group A,Group A,Group B,Group B
799,Group B,Group A,Group A,Group B,Group A
800,Group B,Group A,Group A,Group A,Group A
801,Group B,Group A,Group B,Group B,Group B
802,Group B,Group A,Group A,Group A,Group A
803,Group B,Group A,Group A,Group B,Group B
804,Group B,Group A,Group B,Group B,Group A
805,Group A,Group A,Group B,Group B,Group A
806,Group B,Group A,Group B,Group B,Group B
807,Group B,Group A,Group A,Group A,Group A
808,Group B,Group A,Group A,Group B,Group A
809,Group B,Group A,Group A,Group A,Group A
810,Group B,Group A,Group A,Group A,Group B
811,Group B,Group A,Group A,Group B,Group B
812,Group B,Group A,Group B,Group A,Group A
813,Group B,Group A,Group B,Group B,Group B
814,Group B,Group A,Group A,Group B,Group A
815,Group B,Group A,Group B,Group A,Group A
816,Group B,Group A,Group B,Group B,Group A
817,Group B,Group A,Group A,Group A,Group A
818,Group B,Group A,Group A,Group B,Group B
819,Group B,Group A,Group B,Group B,Group A
820,Group B,Group A,Group B,Group A,Group A
821,Group B,Group A,Group A,Group A,Group A
822,Group B,Group A,Group A,Group A,Group A
823,Group B,Group A,Group A,Group B,Group A
824,Group B,Group A,Group A,Group A,Group A
825,Group B,Group A,Group A,Group B,Group A
826,Group B,Group A,Group B,Group B,Group A
827,Group B,Group A,Group A,Group B,Group A
828,Group B,Group A,Group A,Group B,Group A
829,Group B,Group A,Group A,Group A,Group A
830,Group B,Group A,Group B,Group A,Group A
831,Group B,Group A,Group A,Group A,Group A
832,Group B,Group A,Group B,Group A,Group B
833,Group B,Group A,Group A,Group A,Group B
834,Group B,Group A,Group B,Group A,Group B
835,Group B,Group A,Group B,Group A,Group A
836,Group B,Group A,Group A,Group A,Group A
837,Group B,Group A,Group A,Group A,Group A
838,Group B,Group A,Group B,Group A,Group A
839,Group B,Group A,Group A,Group A,Group B
840,Group B,Group A,Group B,Group A,Group A
841,Group B,Group A,Group B,Group B,Group A
842,Group B,Group A,Group B,Group A,Group A
843,Group A,Group A,Group A,Group A,Group A
844,Group B,Group A,Group B,Group B,Group B
845,Group B,Group A,Group A,Group A,Group B
846,Group B,Group A,Group B,Group A,Group A
847,Group B,Group A,Group B,Group A,Group A
848,Group B,Group A,Group A,Group A,Group B
849,Group B,Group A,Group B,Group A,Group A
850,Group B,Group A,Group B,Group A,Group A
851,Group B,Group A,Group A,Group A,Group B
852,Group B,Group A,Group A,Group B,Group B
853,Group B,Group A,Group A,Group A,Group B
854,Group B,Group A,Group A,Group B,Group A
855,Group B,Group A,Group A,Group A,Group A
856,Group B,Group A,Group A,Group B,Group A
857,Group B,Group A,Group A,Group A,Group B
858,Group B,Group A,Group A,Group B,Group A
859,Group B,Group A,Group B,Group A,Group A
860,Group B,Group A,Group A,Group A,Group A
861,Group B,Group A,Group A,Group B,Group A
862,Group B,Group A,Group B,Group A,Group A
863,Group B,Group A,Group A,Group A,Group A
864,Group B,Group A,Group A,Group A,Group A
865,Group B,Group A,Group A,Group B,Group A
866,Group B,Group A,Group A,Group A,Group A
867,Group B,Group A,Group B,Group B,Group A
868,Group B,Group A,Group B,Group A,Group A
869,Group B,Group A,Group B,Group A,Group B
870,Group B,Group A,Group A,Group B,Group B
871,Group B,Group A,Group A,Group B,Group A
872,Group B,Group A,Group B,Group B,Group A
873,Group B,Group A,Group A,Group A,Group B
874,Group A,Group A,Group B,Group B,Group B
875,Group B,Group A,Group A,Group B,Group B
876,Group B,Group A,Group A,Group A,Group A
877,Group B,Group A,Group A,Group B,Group A
878,Group B,Group A,Group A,Group A,Group B
879,Group B,Group A,Group A,Group A,Group B
880,Group B,Group A,Group A,Group A,Group A
881,Group B,Group A,Group A,Group A,Group A
882,Group B,Group A,Group B,Group B,Group A
883,Group B,Group A,Group A,Group A,Group A
884,Group B,Group A,Group A,Group B,Group B
885,Group B,Group A,Group B,Group A,Group A
886,Group B,Group A,Group A,Group B,Group A
887,Group B,Group A,Group B,Group A,Group A
888,Group B,Group A,Group A,Group B,Group A
889,Group B,Group A,Group A,Group A,Group A
890,Group B,Group A,Group A,Group B,Group B
891,Group B,Group A,Group A,Group A,Group A
892,Group B,Group A,Group B,Group B,Group A
893,Group B,Group A,Group B,Group B,Group B
894,Group B,Group A,Group A,Group A,Group A
895,Group B,Group A,Group A,Group A,Group A
896,Group B,Group A,Group A,Group A,Group A
897,Group A,Group A,Group B,Group A,Group A
898,Group B,Group A,Group B,Group B,Group A
899,Group B,Group A,Group A,Group B,Group B
900,Group B,Group A,Group A,Group A,Group B
901,Group B,Group A,Group A,Group A,Group B
902,Group B,Group A,Group A,Group B,Group B
903,Group B,Group A,Group A,Group B,Group A
904,Group B,Group A,Group B,Group A,Group A
905,Group B,Group A,Group A,Group B,Group B
906,Group B,Group A,Group A,Group A,Group A
907,Group B,Group A,Group B,Group A,Group A
908,Group B,Group A,Group B,Group B,Group A
909,Group B,Group A,Group A,Group B,Group A
910,Group B,Group A,Group A,Group A,Group A
911,Group B,Group A,Group A,Group A,Group A
912,Group B,Group A,Group A,Group B,Group B
913,Group B,Group A,Group A,Group A,Group A
914,Group B,Group A,Group A,Group A,Group A
915,Group B,Group A,Group A,Group B,Group A
916,Group B,Group A,Group A,Group A,Group A
917,Group B,Group A,Group B,Group A,Group B
918,Group B,Group A,Group A,Group B,Group A
919,Group B,Group A,Group A,Group A,Group A
920,Group B,Group A,Group A,Group A,Group A
921,Group B,Group A,Group A,Group A,Group A
922,Group B,Group A,Group A,Group B,Group A
923,Group B,Group A,Group A,Group A,Group A
924,Group B,Group A,Group B,Group B,Group A
925,Group B,Group A,Group A,Group B,Group A
926,Group B,Group A,Group B,Group B,Group A
927,Group B,Group A,Group B,Group A,Group A
928,Group B,Group A,Group B,Group B,Group A
929,Group B,Group A,Group A,Group B,Group A
930,Group B,Group A,Group B,Group B,Group A
931,Group B,Group A,Group B,Group A,Group A
932,Group B,Group A,Group A,Group B,Group A
933,Group A,Group A,Group A,Group A,Group B
934,Group B,Group A,Group A,Group A,Group A
935,Group B,Group A,Group A,Group A,Group A
936,Group B,Group A,Group A,Group A,Group B
937,Group B,Group A,Group B,Group A,Group A
938,Group B,Group A,Group A,Group A,Group A
939,Group B,Group A,Group A,Group B,Group A
940,Group B,Group A,Group B,Group A,Group A
941,Group B,Group A,Group A,Group B,Group A
942,Group B,Group A,Group A,Group B,Group A
943,Group B,Group A,Group A,Group A,Group A
944,Group B,Group A,Group A,Group B,Group B
945,Group B,Group A,Group A,Group A,Group A
946,Group B,Group A,Group B,Group A,Group A
947,Group B,Group A,Group A,Group B,Group A
948,Group B,Group A,Group B,Group B,Group A
949,Group B,Group A,Group A,Group B,Group A
950,Group B,Group A,Group A,Group A,Group B
951,Group B,Group A,Group B,Group A,Group A
952,Group B,Group A,Group A,Group A,Group A
953,Group B,Group A,Group A,Group A,Group B
954,Group B,Group A,Group B,Group A,Group B
955,Group B,Group A,Group A,Group B,Group B
956,Group B,Group A,Group A,Group B,Group A
957,Group B,Group A,Group A,Group A,Group B
958,Group B,Group A,Group A,Group B,Group B
959,Group A,Group A,Group B,Group A,Group B
960,Group B,Group A,Group B,Group A,Group A
961,Group B,Group A,Group B,Group A,Group A
962,Group A,Group A,Group A,Group B,Group B
963,Group B,Group A,Group B,Group B,Group A
964,Group B,Group A,Group A,Group B,Group A
965,Group B,Group A,Group A,Group A,Group B
966,Group B,Group A,Group A,Group B,Group A
967,Group B,Group A,Group A,Group A,Group B
968,Group B,Group A,Group A,Group A,Group B
969,Group B,Group A,Group A,Group B,Group A
970,Group B,Group A,Group A,Group A,Group A
971,Group B,Group A,Group B,Group A,Group B
972,Group B,Group A,Group B,Group A,Group A
973,Group B,Group A,Group A,Group B,Group A
974,Group B,Group A,Group A,Group A,Group A
975,Group B,Group A,Group B,Group A,Group A
976,Group B,Group A,Group A,Group B,Group A
977,Group B,Group A,Group B,Group B,Group A
978,Group B,Group A,Group A,Group B,Group A
979,Group A,Group A,Group A,Group A,Group A
980,Group B,Group A,Group B,Group A,Group B
981,Group B,Group A,Group B,Group B,Group A
982,Group B,Group A,Group A,Group B,Group A
983,Group B,Group A,Group A,Group A,Group A
984,Group B,Group A,Group A,Group B,Group A
985,Group B,Group A,Group A,Group B,Group B
986,Group B,Group A,Group B,Group B,Group A
987,Group B,Group A,Group A,Group B,Group B
988,Group B,Group A,Group B,Group B,Group A
989,Group B,Group A,Group A,Group A,Group A
990,Group B,Group A,Group A,Group A,Group A
991,Group B,Group A,Group A,Group A,Group A
992,Group B,Group A,Group B,Group B,Group B
993,Group B,Group A,Group A,Group B,Group A
994,Group B,Group A,Group B,Group A,Group A
995,Group B,Group A,Group A,Group A,Group A
996,Group B,Group A,Group A,Group B,Group B
997,Group B,Group A,Group A,Group B,Group B
998,Group B,Group A,Group B,Group B,Group A
999,Group B,Group A,Group B,Group A,Group A
1000,Group B,Group A,Group B,Group A,Group A
1001,Group B,Group A,Group A,Group A,Group A
1002,Group B,Group A,Group A,Group A,Group A
1003,Group B,Group A,Group A,Group A,Group A
1004,Group B,Group A,Group B,Group B,Group A
1005,Group B,Group A,Group A,Group A,Group B
1006,Group B,Group A,Group A,Group A,Group A
1007,Group B,Group A,Group A,Group A,Group A
1008,Group B,Group A,Group A,Group A,Group A
1009,Group A,Group A,Group B,Group A,Group A
1010,Group B,Group A,Group A,Group B,Group A
1011,Group B,Group A,Group A,Group B,Group B
1012,Group B,Group A,Group B,Group A,Group A
1013,Group B,Group A,Group B,Group A,Group A
1014,Group B,Group A,Group B,Group A,Group A
1015,Group A,Group A,Group A,Group A,Group B
1016,Group B,Group A,Group A,Group B,Group A
1017,Group B,Group A,Group A,Group B,Group B
1018,Group B,Group A,Group B,Group A,Group A
1019,Group B,Group A,Group A,Group A,Group B
1020,Group B,Group A,Group A,Group A,Group A
1021,Group B,Group A,Group A,Group A,Group A
1022,Group B,Group A,Group B,Group A,Group B
1023,Group B,Group A,Group B,Group A,Group B
1024,Group B,Group A,Group A,Group B,Group A
1025,Group B,Group A,Group B,Group A,Group A
1026,Group A,Group A,Group A,Group B,Group A
1027,Group B,Group A,Group B,Group A,Group A
1028,Group A,Group A,Group B,Group A,Group A
1029,Group B,Group A,Group B,Group A,Group A
1030,Group B,Group A,Group B,Group B,Group A
1031,Group B,Group A,Group A,Group A,Group A
1032,Group B,Group A,Group A,Group A,Group B
1033,Group B,Group A,Group B,Group B,Group A
1034,Group B,Group A,Group B,Group A,Group B
1035,Group B,Group A,Group A,Group A,Group A
1036,Group A,Group A,Group A,Group A,Group B
1037,Group B,Group A,Group A,Group A,Group A
1038,Group A,Group A,Group A,Group A,Group B
1039,Group A,Group A,Group B,Group B,Group A
1040,Group A,Group A,Group A,Group A,Group B
1041,Group B,Group A,Group B,Group A,Group B
1042,Group B,Group A,Group A,Group B,Group B
1043,Group A,Group A,Group A,Group A,Group A
1044,Group A,Group A,Group A,Group A,Group A
1045,Group B,Group A,Group A,Group B,Group A
1046,Group B,Group A,Group A,Group A,Group A
1047,Group B,Group A,Group A,Group B,Group B
1048,Group B,Group A,Group B,Group A,Group A
1049,Group B,Group A,Group B,Group B,Group A
1050,Group B,Group A,Group B,Group A,Group B
1051,Group B,Group A,Group B,Group B,Group A
1052,Group B,Group A,Group B,Group B,Group A
1053,Group B,Group A,Group A,Group B,Group A
1054,Group B,Group A,Group B,Group A,Group A
1055,Group B,Group A,Group A,Group B,Group B
1056,Group B,Group A,Group B,Group A,Group A
1057,Group B,Group A,Group A,Group B,Group A
1058,Group B,Group A,Group A,Group A,Group A
1059,Group B,Group A,Group A,Group B,Group B
1060,Group B,Group A,Group B,Group A,Group B
1061,Group B,Group A,Group A,Group B,Group A
1062,Group B,Group A,Group A,Group B,Group B
1063,Group B,Group A,Group A,Group A,Group A
1064,Group B,Group A,Group B,Group A,Group A
1065,Group B,Group A,Group B,Group A,Group A
1066,Group B,Group A,Group B,Group A,Group A
1067,Group B,Group A,Group A,Group A,Group A
1068,Group A,Group A,Group A,Group A,Group A
1069,Group B,Group A,Group A,Group A,Group A
1070,Group B,Group A,Group A,Group A,Group B
1071,Group B,Group A,Group B,Group B,Group B
1072,Group B,Group A,Group B,Group B,Group A
1073,Group B,Group A,Group B,Group A,Group A
1074,Group A,Group A,Group B,Group A,Group B
1075,Group B,Group A,Group A,Group B,Group B
1076,Group B,Group A,Group B,Group B,Group A
1077,Group B,Group A,Group A,Group B,Group A
1078,Group B,Group A,Group A,Group A,Group A
1079,Group B,Group A,Group B,Group B,Group A
1080,Group A,Group A,Group A,Group A,Group B
1081,Group B,Group A,Group A,Group B,Group B
1082,Group B,Group A,Group A,Group B,Group A
1083,Group B,Group A,Group B,Group A,Group A
1084,Group B,Group A,Group A,Group A,Group A
1085,Group B,Group A,Group A,Group A,Group A
1086,Group B,Group A,Group A,Group A,Group A
1087,Group A,Group A,Group A,Group B,Group B
1088,Group A,Group A,Group A,Group A,Group B
1089,Group B,Group A,Group A,Group A,Group A
1090,Group B,Group A,Group A,Group B,Group B
1091,Group B,Group A,Group A,Group B,Group A
1092,Group B,Group A,Group A,Group A,Group B
1093,Group B,Group A,Group B,Group B,Group B
1094,Group B,Group A,Group A,Group A,Group A
1095,Group B,Group A,Group B,Group B,Group A
1096,Group B,Group A,Group B,Group B,Group A
1097,Group B,Group A,Group A,Group A,Group A
1098,Group B,Group A,Group A,Group A,Group A
1099,Group B,Group A,Group A,Group A,Group A
1100,Group B,Group A,Group B,Group A,Group B
1101,Group B,Group A,Group B,Group B,Group A
1102,Group B,Group A,Group B,Group A,Group A
1103,Group B,Group A,Group A,Group B,Group B
1104,Group B,Group A,Group A,Group A,Group A
1105,Group B,Group A,Group B,Group B,Group A
1106,Group B,Group A,Group A,Group A,Group A
1107,Group B,Group A,Group A,Group A,Group A
1108,Group B,Group A,Group A,Group B,Group B
1109,Group B,Group A,Group A,Group B,Group A
1110,Group B,Group A,Group B,Group A,Group A
1111,Group B,Group A,Group B,Group B,Group A
1112,Group B,Group A,Group B,Group B,Group A
1113,Group B,Group A,Group B,Group A,Group B
1114,Group B,Group A,Group A,Group A,Group A
1115,Group B,Group A,Group A,Group A,Group B
1116,Group B,Group A,Group A,Group B,Group A
1117,Group B,Group A,Group A,Group A,Group B
1118,Group B,Group A,Group B,Group B,Group A
1119,Group B,Group A,Group A,Group A,Group A
1120,Group B,Group A,Group A,Group B,Group B
1121,Group B,Group A,Group A,Group A,Group A
1122,Group B,Group A,Group A,Group B,Group A
1123,Group B,Group A,Group B,Group B,Group A
1124,Group B,Group A,Group B,Group B,Group A
1125,Group B,Group A,Group A,Group B,Group B
1126,Group B,Group A,Group B,Group A,Group B
1127,Group B,Group A,Group B,Group B,Group A
1128,Group B,Group A,Group B,Group A,Group A
1129,Group B,Group A,Group A,Group B,Group B
1130,Group B,Group A,Group A,Group B,Group A
1131,Group B,Group A,Group B,Group B,Group A
1132,Group B,Group A,Group A,Group B,Group A
1133,Group B,Group A,Group A,Group A,Group A
1134,Group B,Group A,Group B,Group A,Group B
1135,Group B,Group A,Group A,Group A,Group A
1136,Group B,Group A,Group A,Group B,Group A
1137,Group B,Group A,Group B,Group A,Group A
1138,Group B,Group A,Group B,Group B,Group A
1139,Group A,Group A,Group B,Group A,Group A
1140,Group B,Group A,Group A,Group B,Group A
1141,Group B,Group A,Group B,Group A,Group B
1142,Group B,Group A,Group A,Group A,Group A
1143,Group B,Group A,Group A,Group A,Group B
1144,Group B,Group A,Group A,Group B,Group B
1145,Group B,Group A,Group A,Group B,Group A
1146,Group B,Group A,Group A,Group B,Group A
1147,Group B,Group A,Group A,Group B,Group A
1148,Group B,Group A,Group B,Group A,Group A
1149,Group B,Group A,Group B,Group B,Group B
1150,Group B,Group A,Group B,Group A,Group A
1151,Group B,Group A,Group B,Group A,Group A
1152,Group B,Group A,Group A,Group A,Group A
1153,Group B,Group A,Group A,Group A,Group B
1154,Group B,Group A,Group A,Group B,Group A
1155,Group B,Group A,Group A,Group A,Group A
1156,Group B,Group A,Group A,Group A,Group A
1157,Group A,Group A,Group B,Group A,Group A
1158,Group B,Group A,Group B,Group B,Group A
1159,Group B,Group A,Group B,Group A,Group A
1160,Group B,Group A,Group B,Group B,Group A
1161,Group B,Group A,Group A,Group A,Group A
1162,Group B,Group A,Group B,Group A,Group A
1163,Group B,Group A,Group A,Group A,Group A
1164,Group B,Group A,Group A,Group A,Group A
1165,Group B,Group A,Group B,Group A,Group A
1166,Group B,Group A,Group A,Group A,Group A
1167,Group B,Group A,Group A,Group A,Group A
1168,Group B,Group A,Group B,Group B,Group A
1169,Group B,Group A,Group A,Group A,Group A
1170,Group B,Group A,Group B,Group B,Group A
1171,Group B,Group A,Group B,Group A,Group A
1172,Group B,Group A,Group A,Group A,Group A
1173,Group B,Group A,Group A,Group A,Group B
1174,Group B,Group A,Group A,Group A,Group A
1175,Group B,Group A,Group A,Group B,Group A
1176,Group B,Group A,Group B,Group B,Group B
1177,Group B,Group A,Group B,Group B,Group B
1178,Group B,Group A,Group B,Group A,Group A
1179,Group B,Group A,Group A,Group A,Group A
1180,Group B,Group A,Group B,Group A,Group A
1181,Group B,Group A,Group B,Group B,Group A
1182,Group B,Group A,Group A,Group B,Group A
1183,Group B,Group A,Group B,Group B,Group B
1184,Group B,Group A,Group B,Group B,Group A
1185,Group B,Group A,Group A,Group A,Group A
1186,Group A,Group A,Group A,Group B,Group A
1187,Group B,Group A,Group B,Group B,Group A
1188,Group B,Group A,Group A,Group B,Group A
1189,Group B,Group A,Group A,Group B,Group A
1190,Group B,Group A,Group A,Group B,Group A
1191,Group B,Group A,Group B,Group A,Group A
1192,Group A,Group A,Group A,Group B,Group B
1193,Group B,Group A,Group A,Group A,Group A
1194,Group B,Group A,Group A,Group A,Group B
1195,Group B,Group A,Group A,Group A,Group B
1196,Group B,Group A,Group A,Group A,Group A
1197,Group A,Group A,Group A,Group B,Group B
1198,Group B,Group A,Group A,Group B,Group B
1199,Group B,Group A,Group A,Group A,Group A
1200,Group B,Group A,Group A,Group A,Group B
1201,Group B,Group A,Group A,Group B,Group B
1202,Group B,Group A,Group B,Group A,Group A
1203,Group B,Group A,Group A,Group A,Group A
1204,Group B,Group A,Group B,Group B,Group A
1205,Group B,Group A,Group B,Group B,Group A
1206,Group B,Group A,Group A,Group A,Group A
1207,Group B,Group A,Group B,Group B,Group A
1208,Group B,Group A,Group A,Group B,Group A
1209,Group B,Group A,Group A,Group A,Group A
1210,Group B,Group A,Group A,Group A,Group B
1211,Group B,Group A,Group B,Group A,Group A
1212,Group B,Group A,Group B,Group A,Group A
1213,Group B,Group A,Group B,Group A,Group A
1214,Group B,Group A,Group A,Group A,Group A
1215,Group B,Group A,Group B,Group A,Group B
1216,Group B,Group A,Group A,Group A,Group A
1217,Group B,Group A,Group B,Group A,Group B
1218,Group B,Group A,Group A,Group A,Group A
1219,Group B,Group A,Group B,Group A,Group A
1220,Group B,Group A,Group A,Group A,Group B
1221,Group B,Group A,Group A,Group B,Group B
1222,Group B,Group A,Group A,Group B,Group A
1223,Group B,Group A,Group A,Group A,Group A
1224,Group B,Group A,Group A,Group A,Group B
1225,Group B,Group A,Group A,Group B,Group B
1226,Group B,Group A,Group A,Group A,Group A
1227,Group B,Group A,Group B,Group A,Group B
1228,Group B,Group A,Group A,Group A,Group A
1229,Group B,Group A,Group A,Group A,Group B
1230,Group B,Group A,Group A,Group A,Group A
1231,Group B,Group A,Group A,Group A,Group A
1232,Group B,Group A,Group A,Group B,Group A
1233,Group B,Group A,Group A,Group B,Group A
1234,Group B,Group A,Group A,Group A,Group A
1235,Group B,Group A,Group B,Group A,Group A
1236,Group B,Group A,Group A,Group B,Group B
1237,Group B,Group A,Group B,Group B,Group A
1238,Group B,Group A,Group A,Group A,Group A
1239,Group B,Group A,Group A,Group B,Group A
1240,Group B,Group A,Group B,Group A,Group A
1241,Group B,Group A,Group A,Group A,Group A
1242,Group B,Group A,Group B,Group B,Group A
1243,Group B,Group A,Group A,Group A,Group B
1244,Group B,Group A,Group A,Group B,Group A
1245,Group B,Group A,Group B,Group A,Group A
1246,Group B,Group A,Group A,Group B,Group A
1247,Group B,Group A,Group B,Group A,Group A
1248,Group B,Group A,Group B,Group A,Group A
1249,Group B,Group A,Group A,Group A,Group A
1250,Group B,Group A,Group A,Group A,Group A
1251,Group B,Group A,Group A,Group B,Group A
1252,Group B,Group A,Group B,Group B,Group A
1253,Group B,Group A,Group A,Group B,Group A
1254,Group B,Group A,Group A,Group A,Group B
1255,Group B,Group A,Group B,Group A,Group A
1256,Group B,Group A,Group B,Group B,Group A
1257,Group B,Group A,Group A,Group B,Group A
1258,Group B,Group A,Group B,Group B,Group B
1259,Group B,Group A,Group B,Group A,Group A
1260,Group B,Group A,Group A,Group B,Group B
1261,Group B,Group A,Group A,Group B,Group A
1262,Group B,Group A,Group A,Group A,Group A
1263,Group B,Group A,Group B,Group B,Group A
1264,Group B,Group A,Group A,Group A,Group A
1265,Group B,Group A,Group A,Group A,Group A
1266,Group B,Group A,Group A,Group A,Group B
1267,Group B,Group A,Group B,Group A,Group B
1268,Group B,Group A,Group A,Group A,Group A
1269,Group B,Group A,Group A,Group B,Group A
1270,Group B,Group A,Group A,Group A,Group B
1271,Group B,Group A,Group A,Group B,Group B
1272,Group B,Group A,Group B,Group B,Group A
1273,Group A,Group A,Group A,Group B,Group A
1274,Group A,Group A,Group B,Group B,Group A
1275,Group B,Group A,Group A,Group B,Group B
1276,Group A,Group A,Group B,Group A,Group A
1277,Group B,Group A,Group A,Group A,Group A
1278,Group B,Group A,Group A,Group A,Group A
1279,Group B,Group A,Group A,Group A,Group A
1280,Group B,Group A,Group A,Group A,Group B
1281,Group B,Group A,Group B,Group B,Group B
1282,Group B,Group A,Group A,Group B,Group A
1283,Group B,Group A,Group A,Group B,Group A
1284,Group B,Group A,Group B,Group A,Group A
1285,Group B,Group A,Group A,Group B,Group B
1286,Group B,Group A,Group A,Group B,Group A
1287,Group B,Group A,Group A,Group A,Group A
1288,Group B,Group A,Group A,Group A,Group A
1289,Group B,Group A,Group A,Group A,Group A
1290,Group B,Group A,Group B,Group A,Group A
1291,Group B,Group A,Group B,Group A,Group A
1292,Group B,Group A,Group A,Group A,Group A
1293,Group B,Group A,Group B,Group A,Group B
1294,Group B,Group A,Group A,Group B,Group A
1295,Group B,Group A,Group B,Group A,Group A
1296,Group B,Group A,Group A,Group A,Group A
1297,Group B,Group A,Group A,Group B,Group A
1298,Group B,Group A,Group A,Group B,Group B
1299,Group B,Group A,Group A,Group B,Group A
1300,Group B,Group A,Group A,Group A,Group A
1301,Group B,Group A,Group A,Group A,Group A
1302,Group B,Group A,Group B,Group B,Group A
1303,Group B,Group A,Group B,Group A,Group A
1304,Group B,Group A,Group A,Group B,Group A
1305,Group B,Group A,Group A,Group A,Group B
1306,Group B,Group A,Group A,Group A,Group A
1307,Group B,Group A,Group B,Group A,Group A
1308,Group B,Group A,Group B,Group B,Group A
1309,Group B,Group A,Group A,Group A,Group B
1310,Group B,Group A,Group B,Group A,Group A
1311,Group B,Group A,Group A,Group B,Group A
1312,Group B,Group A,Group B,Group A,Group B
1313,Group B,Group A,Group A,Group A,Group A
1314,Group B,Group A,Group A,Group A,Group A
1315,Group B,Group A,Group A,Group B,Group B
1316,Group B,Group A,Group A,Group A,Group A
1317,Group B,Group A,Group A,Group B,Group A
1318,Group B,Group A,Group A,Group A,Group A
1319,Group B,Group A,Group A,Group A,Group A
1320,Group B,Group A,Group A,Group A,Group A
1321,Group B,Group A,Group B,Group A,Group A
1322,Group B,Group A,Group A,Group A,Group B
1323,Group B,Group A,Group B,Group B,Group A
1324,Group B,Group A,Group B,Group A,Group A
1325,Group B,Group A,Group B,Group A,Group A
1326,Group B,Group A,Group B,Group B,Group A
1327,Group B,Group A,Group A,Group B,Group A
1328,Group B,Group A,Group A,Group A,Group B
1329,Group B,Group A,Group A,Group B,Group A
1330,Group B,Group A,Group A,Group A,Group B
1331,Group B,Group A,Group A,Group A,Group A
1332,Group B,Group A,Group A,Group A,Group A
1333,Group B,Group A,Group A,Group B,Group A
1334,Group B,Group A,Group B,Group B,Group A
1335,Group B,Group A,Group A,Group B,Group B
1336,Group B,Group A,Group A,Group A,Group B
1337,Group B,Group A,Group B,Group B,Group A
1338,Group B,Group A,Group A,Group A,Group B
1339,Group B,Group A,Group B,Group A,Group A
1340,Group B,Group A,Group B,Group A,Group A
1341,Group B,Group A,Group A,Group A,Group B
1342,Group B,Group A,Group B,Group A,Group A
1343,Group B,Group A,Group B,Group A,Group A
1344,Group B,Group A,Group B,Group B,Group B
1345,Group B,Group A,Group B,Group A,Group A
1346,Group B,Group A,Group B,Group B,Group A
1347,Group B,Group A,Group A,Group B,Group A
1348,Group B,Group A,Group A,Group A,Group A
1349,Group B,Group A,Group B,Group B,Group B
1350,Group B,Group A,Group B,Group A,Group A
1351,Group B,Group A,Group A,Group A,Group A
1352,Group B,Group A,Group A,Group B,Group A
1353,Group B,Group A,Group B,Group A,Group A
1354,Group B,Group A,Group A,Group A,Group A
1355,Group B,Group A,Group A,Group B,Group A
1356,Group B,Group A,Group B,Group B,Group B
1357,Group B,Group A,Group A,Group B,Group A
1358,Group B,Group A,Group A,Group B,Group B
1359,Group B,Group A,Group B,Group A,Group A
1360,Group B,Group A,Group A,Group A,Group A
1361,Group B,Group A,Group B,Group A,Group B
1362,Group B,Group A,Group A,Group B,Group A
1363,Group B,Group A,Group A,Group A,Group A
1364,Group B,Group A,Group B,Group B,Group A
1365,Group B,Group A,Group A,Group A,Group A
1366,Group B,Group A,Group A,Group A,Group A
1367,Group B,Group A,Group B,Group A,Group A
1368,Group B,Group A,Group A,Group B,Group A
1369,Group B,Group A,Group A,Group A,Group A
1370,Group B,Group A,Group A,Group B,Group A
1371,Group B,Group A,Group A,Group A,Group A
1372,Group B,Group A,Group B,Group A,Group A
1373,Group B,Group A,Group A,Group A,Group A
1374,Group B,Group A,Group A,Group B,Group A
1375,Group B,Group A,Group B,Group B,Group B
1376,Group B,Group A,Group B,Group B,Group A
1377,Group B,Group A,Group B,Group A,Group B
1378,Group B,Group A,Group B,Group B,Group A
1379,Group B,Group A,Group A,Group B,Group A
1380,Group B,Group A,Group B,Group A,Group B
1381,Group B,Group A,Group A,Group A,Group A
1382,Group B,Group A,Group A,Group A,Group A
1383,Group B,Group A,Group A,Group A,Group B
1384,Group B,Group A,Group A,Group B,Group A
1385,Group B,Group A,Group A,Group A,Group A
1386,Group B,Group A,Group A,Group A,Group A
1387,Group B,Group A,Group B,Group B,Group A
1388,Group A,Group A,Group A,Group B,Group B
1389,Group B,Group A,Group B,Group B,Group A
1390,Group B,Group A,Group A,Group A,Group A
1391,Group B,Group A,Group A,Group A,Group A
1392,Group B,Group A,Group A,Group A,Group A
1393,Group B,Group A,Group A,Group B,Group A
1394,Group B,Group A,Group B,Group B,Group A
1395,Group B,Group A,Group B,Group B,Group A
1396,Group B,Group A,Group B,Group B,Group A
1397,Group B,Group A,Group A,Group B,Group B
1398,Group B,Group A,Group A,Group B,Group B
1399,Group B,Group A,Group A,Group A,Group A
1400,Group B,Group A,Group B,Group B,Group B
1401,Group B,Group A,Group B,Group A,Group A
1402,Group B,Group A,Group B,Group A,Group B
1403,Group B,Group A,Group A,Group B,Group B
1404,Group B,Group A,Group A,Group A,Group A
1405,Group B,Group A,Group B,Group B,Group A
1406,Group B,Group A,Group B,Group A,Group A
1407,Group B,Group A,Group A,Group A,Group B
1408,Group B,Group A,Group B,Group A,Group A
1409,Group B,Group A,Group B,Group B,Group A
1410,Group B,Group A,Group A,Group B,Group A
1411,Group B,Group A,Group A,Group B,Group A
1412,Group B,Group A,Group A,Group B,Group A
1413,Group B,Group A,Group A,Group B,Group A
1414,Group B,Group A,Group A,Group A,Group A
1415,Group B,Group A,Group A,Group A,Group B
1416,Group B,Group A,Group B,Group A,Group B
1417,Group B,Group A,Group A,Group B,Group A
1418,Group B,Group A,Group B,Group B,Group B
1419,Group B,Group A,Group A,Group B,Group A
1420,Group B,Group A,Group A,Group A,Group A
1421,Group B,Group A,Group A,Group A,Group A
1422,Group B,Group A,Group B,Group A,Group A
1423,Group B,Group A,Group A,Group A,Group A
1424,Group B,Group A,Group A,Group A,Group A
1425,Group B,Group A,Group B,Group B,Group A
1426,Group B,Group A,Group A,Group B,Group B
1427,Group B,Group A,Group B,Group A,Group B
1428,Group B,Group A,Group B,Group B,Group A
1429,Group B,Group A,Group A,Group A,Group A
1430,Group B,Group A,Group A,Group A,Group A
1431,Group B,Group A,Group B,Group B,Group B
1432,Group B,Group A,Group A,Group B,Group A
1433,Group B,Group A,Group B,Group A,Group A
1434,Group B,Group A,Group A,Group A,Group A
1435,Group B,Group A,Group A,Group B,Group A
1436,Group B,Group A,Group A,Group A,Group A
1437,Group B,Group A,Group B,Group A,Group A
1438,Group B,Group A,Group B,Group B,Group A
1439,Group B,Group A,Group B,Group A,Group A
1440,Group A,Group A,Group B,Group A,Group B
1441,Group B,Group A,Group B,Group B,Group B
1442,Group B,Group A,Group A,Group B,Group B
1443,Group B,Group A,Group B,Group A,Group A
1444,Group B,Group A,Group B,Group A,Group A
1445,Group B,Group A,Group A,Group A,Group A
1446,Group B,Group A,Group A,Group A,Group A
1447,Group B,Group A,Group A,Group A,Group A
1448,Group B,Group A,Group B,Group A,Group A
1449,Group B,Group A,Group A,Group A,Group B
1450,Group B,Group A,Group B,Group B,Group A
1451,Group B,Group A,Group A,Group B,Group B
1452,Group B,Group A,Group B,Group A,Group A
1453,Group B,Group A,Group A,Group B,Group B
1454,Group B,Group A,Group B,Group B,Group A
1455,Group B,Group A,Group B,Group A,Group A
1456,Group B,Group A,Group A,Group A,Group A
1457,Group B,Group A,Group B,Group A,Group A
1458,Group A,Group A,Group B,Group B,Group A
1459,Group B,Group A,Group A,Group A,Group B
1460,Group B,Group A,Group A,Group B,Group A
1461,Group B,Group A,Group B,Group B,Group A
1462,Group B,Group A,Group B,Group B,Group B
1463,Group B,Group A,Group A,Group A,Group A
1464,Group B,Group A,Group A,Group A,Group A
1465,Group B,Group A,Group B,Group A,Group A
1466,Group B,Group A,Group A,Group B,Group B
1467,Group B,Group A,Group A,Group A,Group B
1468,Group B,Group A,Group B,Group A,Group A
1469,Group B,Group A,Group A,Group A,Group A
1470,Group A,Group A,Group A,Group B,Group A
1471,Group B,Group A,Group A,Group A,Group B
1472,Group B,Group A,Group B,Group B,Group B
1473,Group A,Group A,Group A,Group A,Group B
1474,Group A,Group A,Group A,Group B,Group B
1475,Group A,Group A,Group A,Group B,Group A
1476,Group A,Group A,Group B,Group A,Group A
1477,Group B,Group A,Group B,Group A,Group A
1478,Group A,Group A,Group A,Group A,Group B
1479,Group B,Group A,Group A,Group A,Group A
1480,Group A,Group A,Group B,Group B,Group A
1481,Group A,Group A,Group B,Group B,Group B
1482,Group A,Group A,Group A,Group B,Group A
1483,Group B,Group A,Group A,Group B,Group B
1484,Group B,Group A,Group B,Group B,Group A
1485,Group B,Group A,Group A,Group A,Group A
1486,Group B,Group A,Group A,Group A,Group A
1487,Group B,Group A,Group B,Group A,Group A
1488,Group B,Group A,Group A,Group A,Group A
1489,Group B,Group A,Group A,Group A,Group A
1490,Group B,Group A,Group A,Group A,Group A
1491,Group B,Group A,Group B,Group B,Group A
1492,Group B,Group A,Group A,Group A,Group B
1493,Group B,Group A,Group A,Group A,Group A
1494,Group B,Group A,Group A,Group A,Group A
1495,Group B,Group A,Group A,Group A,Group A
1496,Group A,Group A,Group B,Group A,Group A
1497,Group B,Group A,Group A,Group B,Group A
1498,Group B,Group A,Group A,Group B,Group A
1499,Group A,Group A,Group A,Group B,Group A
1500,Group A,Group A,Group A,Group A,Group A
1501,Group B,Group A,Group A,Group B,Group A
1502,Group B,Group A,Group A,Group A,Group A
1503,Group A,Group A,Group B,Group A,Group A
1504,Group A,Group A,Group A,Group A,Group A
1505,Group A,Group A,Group A,Group B,Group A
1506,Group B,Group A,Group B,Group A,Group A
1507,Group A,Group A,Group B,Group B,Group A
1508,Group B,Group A,Group A,Group B,Group B
1509,Group A,Group A,Group B,Group A,Group A
1510,Group A,Group A,Group A,Group A,Group A
1511,Group B,Group A,Group A,Group A,Group A
1512,Group B,Group A,Group A,Group A,Group A
1513,Group B,Group A,Group B,Group B,Group A
1514,Group B,Group A,Group A,Group A,Group B
1515,Group A,Group A,Group B,Group A,Group B
1516,Group B,Group A,Group A,Group B,Group B
1517,Group B,Group A,Group A,Group A,Group A
1518,Group B,Group A,Group A,Group B,Group A
1519,Group B,Group A,Group A,Group A,Group B
1520,Group B,Group A,Group A,Group A,Group B
1521,Group B,Group A,Group A,Group A,Group A
1522,Group B,Group A,Group A,Group A,Group A
1523,Group B,Group A,Group B,Group B,Group A
1524,Group B,Group A,Group A,Group A,Group A
1525,Group B,Group A,Group A,Group B,Group B
1526,Group B,Group A,Group B,Group A,Group A
1527,Group B,Group A,Group A,Group A,Group A
1528,Group B,Group A,Group B,Group A,Group A
1529,Group B,Group A,Group A,Group B,Group A
1530,Group B,Group A,Group A,Group A,Group A
1531,Group B,Group A,Group A,Group B,Group B
1532,Group B,Group A,Group A,Group A,Group A
1533,Group B,Group A,Group B,Group B,Group A
1534,Group B,Group A,Group B,Group B,Group B
1535,Group B,Group A,Group A,Group A,Group A
1536,Group B,Group A,Group A,Group A,Group A
1537,Group B,Group A,Group A,Group A,Group A
1538,Group A,Group A,Group B,Group A,Group A
1539,Group B,Group A,Group B,Group B,Group A
1540,Group B,Group A,Group A,Group B,Group B
1541,Group A,Group A,Group A,Group A,Group A
1542,Group A,Group A,Group B,Group B,Group B
1543,Group A,Group A,Group B,Group B,Group B
1544,Group B,Group A,Group A,Group B,Group A
1545,Group B,Group A,Group A,Group B,Group A
1546,Group A,Group A,Group A,Group A,Group A
1547,Group A,Group A,Group A,Group B,Group B
1548,Group B,Group A,Group A,Group A,Group A
1549,Group B,Group A,Group A,Group A,Group A
1550,Group B,Group A,Group A,Group B,Group B
1551,Group B,Group A,Group A,Group B,Group B
1552,Group B,Group A,Group A,Group A,Group A
1553,Group B,Group A,Group B,Group B,Group B
1554,Group B,Group A,Group B,Group B,Group A
1555,Group B,Group A,Group B,Group A,Group A
1556,Group A,Group A,Group B,Group A,Group A
1557,Group A,Group A,Group A,Group A,Group A
1558,Group B,Group A,Group A,Group A,Group A
1559,Group A,Group A,Group B,Group B,Group A
1560,Group B,Group A,Group A,Group A,Group B
1561,Group A,Group A,Group B,Group A,Group B
1562,Group A,Group A,Group B,Group A,Group B
1563,Group B,Group A,Group B,Group B,Group A
1564,Group B,Group A,Group A,Group A,Group B
1565,Group A,Group A,Group A,Group A,Group B
1566,Group B,Group A,Group A,Group A,Group A
1567,Group A,Group A,Group A,Group B,Group A
1568,Group A,Group A,Group B,Group A,Group A
1569,Group B,Group A,Group A,Group B,Group A
1570,Group B,Group A,Group A,Group B,Group A
1571,Group A,Group A,Group A,Group A,Group A
1572,Group A,Group A,Group A,Group B,Group A
1573,Group A,Group A,Group A,Group A,Group A
1574,Group A,Group A,Group B,Group A,Group A
1575,Group A,Group A,Group A,Group A,Group A
1576,Group A,Group A,Group B,Group A,Group A
1577,Group B,Group A,Group A,Group A,Group A
1578,Group B,Group A,Group A,Group B,Group A
1579,Group A,Group A,Group B,Group A,Group A
1580,Group A,Group A,Group A,Group A,Group A
1581,Group B,Group A,Group A,Group A,Group B
1582,Group B,Group A,Group A,Group B,Group A
1583,Group B,Group A,Group B,Group A,Group A
1584,Group A,Group A,Group A,Group A,Group A
1585,Group B,Group A,Group B,Group A,Group A
1586,Group B,Group A,Group B,Group A,Group B
1587,Group B,Group A,Group A,Group A,Group A
1588,Group A,Group A,Group B,Group B,Group A
1589,Group B,Group A,Group B,Group B,Group A
1590,Group A,Group A,Group A,Group A,Group B
1591,Group B,Group A,Group A,Group A,Group B
1592,Group A,Group A,Group A,Group B,Group A
1593,Group B,Group A,Group B,Group B,Group A
1594,Group B,Group A,Group A,Group B,Group B
1595,Group A,Group A,Group B,Group B,Group A
1596,Group A,Group A,Group B,Group A,Group A
1597,Group A,Group A,Group A,Group B,Group B
1598,Group B,Group A,Group B,Group A,Group A
1599,Group B,Group A,Group A,Group A,Group A
1600,Group A,Group A,Group A,Group A,Group B
1601,Group A,Group A,Group B,Group A,Group A
1602,Group B,Group A,Group A,Group A,Group A
1603,Group A,Group A,Group B,Group B,Group A
1604,Group B,Group A,Group A,Group B,Group B
1605,Group A,Group A,Group A,Group B,Group A
1606,Group B,Group A,Group B,Group A,Group A
1607,Group A,Group A,Group A,Group A,Group B
1608,Group A,Group A,Group B,Group A,Group A
1609,Group A,Group A,Group A,Group A,Group A
1610,Group B,Group A,Group B,Group A,Group B
1611,Group B,Group A,Group A,Group B,Group A
1612,Group B,Group A,Group A,Group B,Group A
1613,Group B,Group A,Group A,Group A,Group A
