,age,gender,marital_status,employee_number
0,51,M,,"162,0"
1,52,M,,"259,0"
2,42,M,Married,"319,0"
3,47,F,Married,
4,46,F,Divorced,
5,48,F,,"1900,0"
6,59,F,,"81,0"
7,42,M,Married,"387,0"
8,41,F,Married,
9,41,M,,"999,0"
10,41,F,,"1035,0"
11,56,M,Married,
12,38,F,Married,
13,41,F,Married,"58,0"
14,55,M,Single,
15,40,F,,"558,0"
16,58,M,Single,"825,0"
17,46,F,,
18,35,M,Married,
19,40,F,,
20,45,M,,"1712,0"
21,33,F,Single,"73,0"
22,36,F,Divorced,
23,47,F,Married,"820,0"
24,36,M,,
25,35,F,Married,
26,52,F,Married,
27,36,F,Single,"1294,0"
28,33,M,Married,
29,34,M,,"1774,0"
30,41,F,Divorced,"1815,0"
31,Forty-Seven,M,,"1993,0"
32,53,F,,"32,0"
33,35,M,Single,"100,0"
34,34,F,Single,
35,46,F,Divorced,"244,0"
36,43,F,Married,"327,0"
37,36,M,Married,"373,0"
38,60,F,Married,
39,40,M,Married,"729,0"
40,32,F,Married,"830,0"
41,41,M,Single,
42,53,M,Divorced,"981,0"
43,36,F,Single,"1042,0"
44,46,F,Divorced,"1080,0"
45,38,M,Married,"1995,0"
46,51,F,Single,"145,0"
47,43,M,Married,"158,0"
48,37,F,Single,"391,0"
49,32,F,Married,"436,0"
50,38,F,Married,
51,46,F,,"1527,0"
52,35,M,Married,
53,43,F,Married,"1866,0"
54,56,M,Divorced,"2026,0"
55,36,M,Divorced,
56,38,F,,"107,0"
57,49,F,,"170,0"
58,39,F,Married,
59,40,M,Married,"215,0"
60,36,M,Single,"304,0"
61,37,F,Married,"529,0"
62,35,M,,"691,0"
63,33,M,Divorced,"692,0"
64,50,M,Married,"1005,0"
65,48,M,Single,"1024,0"
66,44,F,Married,"1039,0"
67,44,M,Single,"1225,0"
68,40,F,,"1375,0"
69,34,F,Single,
70,35,F,,
71,50,F,,
72,49,F,,"1661,0"
73,38,M,,"1668,0"
74,33,M,,"1698,0"
75,47,F,Divorced,
76,38,F,Divorced,"1937,0"
77,37,F,,"2017,0"
78,30,M,Married,"117,0"
79,Fifty-Eight,M,Single,"131,0"
80,34,F,Single,"153,0"
81,58,F,Married,
82,38,M,Divorced,"307,0"
83,29,F,Married,
84,55,M,Single,"374,0"
85,41,M,,
86,39,M,,
87,38,M,,
88,43,M,,
89,31,F,Married,"524,0"
90,50,M,Marreid,"569,0"
91,35,M,Married,"899,0"
92,47,M,,
93,35,F,Divorced,"1014,0"
94,40,M,Married,
95,45,F,Married,"1117,0"
96,33,M,Married,"1238,0"
97,36,M,Married,
98,45,F,,"1277,0"
99,51,M,,
100,34,M,,"1541,0"
101,43,M,,"1666,0"
102,34,M,,"1696,0"
103,38,M,Divorced,"1805,0"
104,48,M,,
105,34,M,Married,"1932,0"
106,32,F,,"2016,0"
107,29,F,Divorced,"20,0"
108,46,M,Married,
109,30,M,Married,"184,0"
110,45,M,,"206,0"
111,30,F,,"228,0"
112,30,M,,"239,0"
113,34,M,Married,"256,0"
114,51,M,Married,
115,34,M,,"339,0"
116,35,M,Married,"406,0"
117,45,M,,
118,39,M,Married,"429,0"
119,31,F,Married,
120,39,M,Married,"444,0"
121,45,M,,"452,0"
122,30,F,,"456,0"
123,31,F,,
124,36,M,Married,"481,0"
125,36,M,Married,"513,0"
126,55,F,Single,"597,0"
127,35,M,,"600,0"
128,42,M,Married,
129,52,M,Divorced,"630,0"
130,49,M,,"638,0"
131,34,M,Married,"683,0"
132,33,M,Single,"780,0"
133,33,M,Married,"817,0"
134,53,F,,"901,0"
135,49,F,Married,"944,0"
136,35,M,,"984,0"
137,38,F,Married,"1088,0"
138,46,M,Married,"1124,0"
139,36,M,Single,
140,42,M,Single,"1167,0"
141,34,M,Single,"1184,0"
142,30,M,,
143,54,M,Married,
144,31,F,Single,"1252,0"
145,44,M,Married,"1267,0"
146,55,M,Divorced,"1278,0"
147,44,M,Divorced,"1288,0"
148,34,M,,
149,39,F,Divorced,"1307,0"
150,55,F,,"1336,0"
151,51,M,,"1352,0"
152,58,F,Marreid,"1360,0"
153,48,M,Single,
154,29,M,Single,"1419,0"
155,34,M,Single,"1478,0"
156,42,F,,"1480,0"
157,57,M,Married,
158,34,F,Single,"1489,0"
159,54,F,,"1520,0"
160,34,M,,"1535,0"
161,29,M,Single,"1586,0"
162,35,M,,"1596,0"
163,35,M,,"1667,0"
164,34,F,Married,"1701,0"
165,43,M,,"1706,0"
166,58,M,Divorced,
167,36,F,Marreid,
168,43,M,Married,"1971,0"
169,55,M,Married,
170,42,M,Single,"1976,0"
171,40,F,Married,"1985,0"
172,56,M,Married,"2032,0"
173,39,F,,"2056,0"
174,53,F,Married,
175,27,M,Single,
176,30,F,,"57,0"
177,35,M,Married,
178,32,M,Married,"78,0"
179,30,M,Married,"104,0"
180,46,M,,"118,0"
181,30,F,,"121,0"
182,32,M,Single,"125,0"
183,35,M,Married,
184,32,F,Single,"207,0"
185,41,M,Divorced,"227,0"
186,40,F,,"253,0"
187,45,M,Married,"264,0"
188,32,M,Married,"291,0"
189,30,M,,"292,0"
190,37,M,,"306,0"
191,37,M,Divorced,
192,40,M,,"335,0"
193,36,F,Married,
194,32,M,Married,"420,0"
195,38,F,,"421,0"
196,30,F,Married,"441,0"
197,39,M,,"531,0"
198,60,F,,"549,0"
199,30,F,,"567,0"
200,31,M,Divorced,"581,0"
201,33,M,Single,"702,0"
202,50,M,Married,"716,0"
203,32,M,,"772,0"
204,42,M,,"836,0"
205,49,F,Married,"840,0"
206,27,M,Divorced,"844,0"
207,33,M,Divorced,
208,52,F,Married,"867,0"
209,32,M,,"889,0"
210,36,M,,"924,0"
211,31,F,,
212,36,M,Single,
213,52,M,Married,"976,0"
214,33,M,Single,"992,0"
215,45,M,,"1002,0"
216,Thirty-Six,F,,"1073,0"
217,49,M,,"1138,0"
218,29,F,,
219,29,F,Married,"1192,0"
220,37,F,Married,"1196,0"
221,33,M,,
222,34,F,Divorced,
223,28,F,Married,"1315,0"
224,31,F,,"1324,0"
225,42,M,,"1334,0"
226,40,M,Single,"1346,0"
227,34,F,Single,"1356,0"
228,58,F,,"1423,0"
229,31,F,,"1459,0"
230,40,M,,
231,53,M,Single,"1472,0"
232,34,M,,"1485,0"
233,35,F,Single,
234,37,M,Married,"1543,0"
235,42,M,,"1547,0"
236,45,M,Divorced,"1553,0"
237,30,M,Married,"1562,0"
238,38,M,Married,"1582,0"
239,50,M,,"1606,0"
240,39,M,,
241,34,F,,"1658,0"
242,54,F,,"1665,0"
243,41,M,,
244,39,M,Married,"1737,0"
245,40,M,,
246,33,M,,
247,36,M,,"1790,0"
248,33,M,Married,
249,34,M,,"1823,0"
250,29,M,Married,
251,46,M,Divorced,"1857,0"
252,27,F,Married,"1864,0"
253,31,M,Divorced,"1881,0"
254,45,F,,"1888,0"
255,34,M,,"1950,0"
256,31,M,Married,
257,35,F,,"1962,0"
258,39,M,Single,"1975,0"
259,40,F,Married,"1986,0"
260,30,M,Married,
261,47,F,Married,"2000,0"
262,52,M,Divorced,
263,49,M,Married,"2,0"
264,33,F,Marreid,"5,0"
265,32,M,,
266,38,M,,
267,36,M,,
268,42,M,,"35,0"
269,31,M,Divorced,"76,0"
270,31,F,Single,"98,0"
271,51,M,,"120,0"
272,34,M,,"147,0"
273,36,F,,"154,0"
274,30,M,Divorced,"159,0"
275,33,M,Marreid,"160,0"
276,31,M,Married,"163,0"
277,41,M,Divorced,"176,0"
278,26,F,,"177,0"
279,32,M,Divorced,"195,0"
280,40,F,Divorced,"202,0"
281,53,M,,"205,0"
282,29,M,Married,
283,36,M,,
284,33,F,,"252,0"
285,51,F,Single,"258,0"
286,27,F,Single,"260,0"
287,37,M,,"267,0"
288,38,M,Married,
289,49,M,Divorced,"275,0"
290,27,F,Single,"293,0"
291,45,F,Single,"302,0"
292,35,F,Single,"314,0"
293,33,F,,
294,52,M,,"329,0"
295,40,M,,
296,38,M,,"361,0"
297,46,F,Marreid,"363,0"
298,45,M,Married,
299,47,M,Married,"376,0"
300,35,F,Divorced,"381,0"
301,29,M,Single,"388,0"
302,55,M,Married,"389,0"
303,26,M,Single,"401,0"
304,31,M,,"416,0"
305,43,F,,"430,0"
306,31,M,,"438,0"
307,32,F,Single,
308,33,M,,"446,0"
309,43,F,Divorced,"448,0"
310,29,M,,"454,0"
311,27,F,,"458,0"
312,29,F,Divorced,
313,37,M,Divorced,
314,26,M,,"476,0"
315,40,F,Married,"483,0"
316,41,M,,"488,0"
317,51,F,,"500,0"
318,37,F,,
319,56,F,Married,
320,41,M,Married,"534,0"
321,46,F,,
322,30,F,Single,
323,35,M,,"586,0"
324,48,F,Married,"595,0"
325,45,M,,
326,26,F,,"608,0"
327,41,F,Single,"616,0"
328,34,M,Single,"621,0"
329,31,M,Divorced,"653,0"
330,43,M,Divorced,"663,0"
331,53,F,Single,"682,0"
332,37,M,Married,
333,54,M,,
334,38,F,,
335,29,M,Divorced,"710,0"
336,34,F,,"717,0"
337,39,F,Single,"721,0"
338,32,M,,"722,0"
339,38,F,,"724,0"
340,27,F,Married,"725,0"
341,32,F,Single,
342,47,M,Single,"728,0"
343,27,M,,"733,0"
344,41,M,,"734,0"
345,28,F,,
346,36,F,Married,"742,0"
347,30,M,Divorced,"747,0"
348,56,M,Married,"762,0"
349,45,M,Single,"783,0"
350,36,M,Single,"789,0"
351,29,F,Married,"793,0"
352,38,F,Single,"803,0"
353,40,F,,
354,42,M,,"809,0"
355,36,F,,"823,0"
356,29,M,Married,
357,Fifty-Five,M,Single,"842,0"
358,28,F,,
359,26,F,Married,
360,44,M,,"913,0"
361,41,F,Divorced,"927,0"
362,31,M,,"941,0"
363,26,M,,"956,0"
364,31,F,,
365,32,F,Married,"966,0"
366,36,M,Married,"967,0"
367,45,M,,"972,0"
368,39,M,Single,
369,36,M,Divorced,"990,0"
370,46,M,,
371,54,F,,"1013,0"
372,30,F,,"1015,0"
373,26,M,Married,"1018,0"
374,55,M,Married,"1034,0"
375,50,F,Married,
376,32,F,Single,"1046,0"
377,53,F,,"1050,0"
378,40,M,Married,
379,55,M,Single,"1074,0"
380,28,M,Single,"1082,0"
381,28,F,Single,"1097,0"
382,35,M,,"1100,0"
383,33,F,Single,"1101,0"
384,25,M,Married,"1106,0"
385,38,M,,"1119,0"
386,28,F,,
387,43,F,Married,"1126,0"
388,39,M,,
389,40,M,,"1128,0"
390,29,M,Married,
391,40,F,,
392,26,M,,"1177,0"
393,35,M,Divorced,"1182,0"
394,53,F,Divorced,"1201,0"
395,35,M,,"1218,0"
396,33,F,,"1220,0"
397,36,M,Divorced,
398,30,M,Divorced,"1224,0"
399,60,M,Divorced,
400,32,F,Single,"1235,0"
401,36,F,Divorced,"1237,0"
402,27,M,,
403,43,M,,"1255,0"
404,29,F,Divorced,"1264,0"
405,59,M,Single,"1283,0"
406,43,F,Single,"1293,0"
407,44,F,Married,"1295,0"
408,29,F,Divorced,
409,32,M,Married,
410,36,F,Married,
411,Fifty-Two,M,Single,
412,39,M,Single,"1322,0"
413,34,M,,"1344,0"
414,38,F,,"1355,0"
415,36,F,Marreid,"1362,0"
416,35,F,,"1369,0"
417,55,M,,
418,34,M,,"1377,0"
419,43,F,Single,"1402,0"
420,42,F,Married,"1408,0"
421,26,M,Single,"1417,0"
422,29,F,Single,"1421,0"
423,54,F,,"1422,0"
424,55,M,Divorced,"1424,0"
425,40,M,,
426,Thirty-One,M,Divorced,
427,46,M,Divorced,"1457,0"
428,45,M,,"1460,0"
429,49,M,Divorced,"1484,0"
430,29,M,,"1497,0"
431,29,M,Single,"1522,0"
432,29,F,,"1544,0"
433,40,M,Single,
434,48,F,Divorced,
435,53,F,Married,"1572,0"
436,44,F,,"1608,0"
437,45,F,,"1611,0"
438,45,M,,"1612,0"
439,34,M,,"1615,0"
440,39,M,,
441,27,M,Divorced,"1619,0"
442,45,F,Divorced,"1635,0"
443,44,M,Married,"1642,0"
444,25,M,Divorced,"1653,0"
445,49,M,Single,
446,48,F,,"1691,0"
447,26,M,,"1693,0"
448,44,F,,"1703,0"
449,36,F,Single,
450,46,M,Single,"1727,0"
451,35,M,Married,"1728,0"
452,30,F,,"1745,0"
453,30,M,,"1754,0"
454,33,F,,"1756,0"
455,32,M,Single,"1764,0"
456,43,M,,"1778,0"
457,31,F,,
458,35,M,,"1797,0"
459,35,M,Divorced,"1804,0"
460,30,F,Single,"1816,0"
461,46,F,Married,"1821,0"
462,45,F,Married,
463,43,M,Married,"1849,0"
464,46,F,,"1869,0"
465,40,M,,
466,27,F,Single,"1898,0"
467,42,M,Married,"1911,0"
468,26,M,Married,
469,28,M,Married,"1927,0"
470,47,M,Married,"1934,0"
471,34,M,Divorced,"1951,0"
472,26,M,Single,"1952,0"
473,27,M,,"1965,0"
474,31,M,,"1967,0"
475,33,M,Divorced,
476,31,F,Married,"1979,0"
477,35,M,,"2008,0"
478,33,F,Married,"2009,0"
479,39,M,Single,"2014,0"
480,36,F,Marreid,
481,41,F,Married,"2034,0"
482,34,F,Married,"2035,0"
483,38,F,Married,
484,39,M,,"2062,0"
485,34,F,Single,"28,0"
486,44,F,Married,
487,46,M,Single,"62,0"
488,41,M,Divorced,"199,0"
489,39,F,Single,"343,0"
490,42,F,Divorced,"351,0"
491,33,F,Married,"428,0"
492,35,M,Single,"464,0"
493,33,M,Married,
494,40,F,Single,
495,41,M,Divorced,"731,0"
496,27,F,,"764,0"
497,52,M,,
498,51,F,Married,"851,0"
499,47,F,,"903,0"
500,50,M,Divorced,"905,0"
501,35,F,Married,"942,0"
502,39,F,Married,"1026,0"
503,39,F,Single,
504,41,F,,"1085,0"
505,44,M,Married,
506,42,M,,"1109,0"
507,52,M,Single,"1118,0"
508,38,M,,"1152,0"
509,46,F,,
510,35,M,Single,"1350,0"
511,28,M,Married,"1514,0"
512,44,M,Married,"1523,0"
513,50,M,,"1539,0"
514,55,M,,
515,39,M,Married,"1588,0"
516,49,F,,"1617,0"
517,45,F,Single,"1719,0"
518,46,M,,
519,27,F,Married,"1870,0"
520,42,M,Married,"2031,0"
521,49,M,Married,"2065,0"
522,29,F,Single,"15,0"
523,34,M,,"60,0"
524,37,M,Divorced,
525,36,M,Single,"85,0"
526,45,M,Single,
527,29,M,,"346,0"
528,26,F,,"384,0"
529,28,M,Single,"498,0"
530,42,F,Married,"551,0"
531,31,M,,"604,0"
532,37,F,Single,
533,37,M,Divorced,"626,0"
534,37,F,Married,
535,24,M,,
536,50,M,Married,"644,0"
537,34,M,,"649,0"
538,27,F,,"714,0"
539,25,F,Single,"781,0"
540,34,M,Single,
541,34,F,,"804,0"
542,35,M,Single,
543,35,F,,"856,0"
544,33,F,Married,"998,0"
545,29,F,Divorced,"1120,0"
546,29,F,Divorced,"1143,0"
547,34,F,Married,
548,28,M,Married,
549,44,F,Married,
550,31,M,Married,"1251,0"
551,26,M,,
552,47,M,,"1438,0"
553,37,M,Single,
554,32,M,Married,"1574,0"
555,32,M,Divorced,"1671,0"
556,33,F,,
557,47,M,Married,
558,41,F,,
559,35,M,Married,
560,29,M,Married,"94,0"
561,32,M,,
562,35,M,Single,
563,56,M,,"112,0"
564,28,M,,"129,0"
565,25,M,Single,"142,0"
566,56,F,,"161,0"
567,26,F,Married,"164,0"
568,32,F,,"190,0"
569,30,F,Single,"194,0"
570,50,F,,"226,0"
571,32,M,,"231,0"
572,45,F,,"240,0"
573,43,M,Divorced,"262,0"
574,29,F,Married,"283,0"
575,31,M,,"308,0"
576,33,M,Married,"325,0"
577,31,M,,"355,0"
578,37,M,,"378,0"
579,50,M,Divorced,
580,42,F,Married,
581,27,M,,
582,27,M,,"449,0"
583,41,M,Single,"466,0"
584,37,F,,"486,0"
585,40,M,,"492,0"
586,55,F,Single,"505,0"
587,26,M,,"510,0"
588,40,F,Divorced,
589,25,F,Single,"527,0"
590,30,F,Single,
591,52,M,Married,
592,42,F,,"547,0"
593,Thirty,F,,"548,0"
594,35,M,Single,"577,0"
595,31,M,Divorced,
596,35,F,Single,
597,25,M,,
598,32,F,Married,"679,0"
599,47,F,,"785,0"
600,30,M,Divorced,"861,0"
601,45,M,Divorced,"864,0"
602,36,M,,"878,0"
603,31,M,,"895,0"
604,37,F,Married,"900,0"
605,39,F,,
606,42,F,,"936,0"
607,30,M,,
608,50,M,Divorced,"997,0"
609,59,M,,"1048,0"
610,54,F,Married,
611,56,F,Married,"1071,0"
612,48,M,Single,"1116,0"
613,39,M,Single,"1132,0"
614,35,M,,
615,42,M,Single,"1171,0"
616,44,M,Single,"1200,0"
617,29,F,Married,"1202,0"
618,33,M,,
619,54,F,,"1245,0"
620,46,F,Married,"1280,0"
621,30,F,Single,
622,32,M,,"1309,0"
623,40,M,Single,
624,34,F,Divorced,"1374,0"
625,39,M,Married,"1390,0"
626,37,M,Married,
627,33,M,Marreid,"1395,0"
628,39,M,,"1397,0"
629,52,F,Married,"1409,0"
630,36,F,Single,"1425,0"
631,36,M,Single,"1435,0"
632,24,F,Married,"1445,0"
633,34,F,,
634,28,M,Single,"1469,0"
635,33,F,,
636,47,F,Married,"1503,0"
637,40,M,Single,"1534,0"
638,45,M,Marreid,"1546,0"
639,40,M,,"1548,0"
640,29,M,,
641,40,F,Married,"1598,0"
642,43,M,Divorced,"1599,0"
643,30,M,,"1609,0"
644,38,F,,"1638,0"
645,37,F,Married,"1640,0"
646,39,M,,
647,36,M,Divorced,"1664,0"
648,23,M,Single,"1684,0"
649,35,M,,"1704,0"
650,31,F,Single,"1736,0"
651,38,F,Married,"1782,0"
652,35,M,Married,"1826,0"
653,40,F,,
654,27,F,Single,"1850,0"
655,41,F,,"1909,0"
656,33,M,Single,"1924,0"
657,49,M,Married,"1941,0"
658,36,M,,"1949,0"
659,41,M,Divorced,
660,29,F,Single,
661,31,M,,
662,36,M,Single,"27,0"
663,43,F,,"46,0"
664,33,F,Marreid,"52,0"
665,44,F,,"68,0"
666,38,F,Single,"79,0"
667,50,F,Divorced,"80,0"
668,59,F,Single,"91,0"
669,40,M,Married,"119,0"
670,54,F,,"126,0"
671,50,F,,
672,54,F,Single,"148,0"
673,24,M,Married,"150,0"
674,37,M,,
675,30,M,Single,"198,0"
676,34,F,,"216,0"
677,57,M,Divorced,
678,38,F,Single,"230,0"
679,41,F,,
680,42,F,Divorced,"270,0"
681,34,M,Divorced,"277,0"
682,30,F,,"299,0"
683,29,M,Single,"315,0"
684,32,F,Married,"330,0"
685,25,M,,"369,0"
686,53,M,Married,"386,0"
687,26,M,Married,"390,0"
688,28,F,,
689,28,M,Single,"412,0"
690,58,M,Divorced,"422,0"
691,27,F,Single,"434,0"
692,54,F,,"450,0"
693,40,M,Marreid,
694,29,M,,"469,0"
695,50,M,,"491,0"
696,24,F,Single,"554,0"
697,30,M,Marreid,
698,34,M,,"579,0"
699,33,M,Divorced,
700,36,M,Single,"592,0"
701,41,M,Single,"599,0"
702,39,F,Married,
703,26,M,Married,"641,0"
704,24,F,,
705,27,F,Divorced,"655,0"
706,27,M,Divorced,"667,0"
707,50,M,Married,
708,23,M,,"758,0"
709,39,F,,"760,0"
710,52,M,,"791,0"
711,26,M,Single,"796,0"
712,54,F,Divorced,"799,0"
713,37,F,Divorced,
714,50,M,,"815,0"
715,42,F,Married,"827,0"
716,38,M,,
717,25,M,Single,
718,32,F,Married,"865,0"
719,25,M,,
720,42,F,Married,"894,0"
721,33,M,Divorced,
722,29,F,,
723,38,F,,"983,0"
724,45,F,Divorced,"996,0"
725,31,F,,"1011,0"
726,22,M,,"1019,0"
727,59,F,,"1032,0"
728,45,F,Married,"1045,0"
729,45,M,,"1049,0"
730,37,F,,
731,26,F,,"1068,0"
732,26,M,Married,
733,28,M,Marreid,"1136,0"
734,24,M,Single,
735,30,M,Married,"1179,0"
736,43,F,Single,"1188,0"
737,30,M,Divorced,"1211,0"
738,46,M,Divorced,"1228,0"
739,42,M,Married,"1231,0"
740,25,M,Single,
741,27,M,Divorced,"1259,0"
742,56,M,Single,"1338,0"
743,41,F,,"1349,0"
744,28,M,Married,"1387,0"
745,52,F,Married,"1401,0"
746,26,M,Single,"1407,0"
747,49,M,,"1420,0"
748,34,M,,"1431,0"
749,32,M,,"1446,0"
750,33,M,,"1477,0"
751,29,F,Single,"1487,0"
752,30,M,,"1499,0"
753,23,M,Single,"1533,0"
754,33,M,,"1545,0"
755,35,F,Married,"1554,0"
756,38,M,,"1563,0"
757,28,F,Divorced,"1622,0"
758,37,M,,"1631,0"
759,24,F,,"1646,0"
760,36,M,,"1659,0"
761,38,F,,
762,53,M,Married,"1689,0"
763,37,M,,"1700,0"
764,24,M,Married,
765,29,F,,
766,32,M,Married,"1739,0"
767,42,M,Divorced,"1768,0"
768,41,M,Divorced,"1772,0"
769,44,M,,"1792,0"
770,28,M,Married,
771,39,M,Single,"1800,0"
772,40,F,Married,
773,37,M,Single,
774,40,F,,"1822,0"
775,26,M,,
776,42,M,Married,"1854,0"
777,34,M,Married,"1882,0"
778,37,M,,"1885,0"
779,27,M,,"1931,0"
780,35,M,,"1945,0"
781,28,M,Single,"1947,0"
782,29,M,Married,"1954,0"
783,54,F,Married,"1969,0"
784,24,M,Single,"1981,0"
785,38,M,Married,"1997,0"
786,42,M,,"1998,0"
787,41,M,,"1999,0"
788,25,F,,"2018,0"
789,44,M,Single,
790,50,M,,"2044,0"
791,36,F,Married,
792,45,F,,"2046,0"
793,40,F,Married,
794,35,F,Married,"2052,0"
795,29,M,,"2053,0"
796,34,M,,"2068,0"
797,27,M,Married,"7,0"
798,31,M,Divorced,"16,0"
799,34,M,Divorced,"18,0"
800,28,M,Single,"19,0"
801,32,M,Divorced,"21,0"
802,38,M,Single,"24,0"
803,24,F,,"26,0"
804,34,M,Single,"31,0"
805,32,F,,"33,0"
806,46,F,Single,"38,0"
807,44,M,Married,"40,0"
808,50,M,Married,"47,0"
809,35,F,Married,"49,0"
810,28,M,Single,"65,0"
811,26,F,Marreid,"72,0"
812,35,F,,
813,35,M,Married,"88,0"
814,37,M,,"102,0"
815,46,M,Divorced,"103,0"
816,34,M,Married,"110,0"
817,51,M,,"116,0"
818,24,F,Married,"128,0"
819,44,M,Married,"132,0"
820,37,M,Divorced,"133,0"
821,59,F,,
822,25,M,Married,"143,0"
823,43,F,Single,"171,0"
824,50,F,Single,
825,31,F,,"175,0"
826,36,M,Divorced,"178,0"
827,51,M,,"179,0"
828,25,M,,
829,38,F,,"193,0"
830,30,F,Divorced,"197,0"
831,22,M,Marreid,
832,27,M,,"218,0"
833,28,M,Married,"221,0"
834,27,M,,"233,0"
835,56,F,Divorced,"241,0"
836,38,F,Single,"245,0"
837,31,F,,"246,0"
838,34,F,,"247,0"
839,50,M,,"249,0"
840,53,F,Divorced,"250,0"
841,35,F,Single,"269,0"
842,27,M,Married,
843,40,M,Married,
844,22,M,,
845,40,M,,"287,0"
846,46,M,,"288,0"
847,30,F,,"297,0"
848,29,M,Single,
849,54,F,Married,"303,0"
850,33,F,Married,"305,0"
851,52,F,Single,"316,0"
852,59,M,Married,
853,32,M,Single,
854,39,F,Divorced,"332,0"
855,32,M,,
856,31,M,Divorced,"337,0"
857,33,F,Married,"338,0"
858,45,M,,"341,0"
859,42,F,Single,"347,0"
860,29,M,Divorced,"349,0"
861,25,F,Married,"350,0"
862,32,M,,"362,0"
863,28,M,Married,
864,21,M,Single,"379,0"
865,37,F,Divorced,"380,0"
866,38,M,,"393,0"
867,26,M,Divorced,"394,0"
868,49,F,Single,"396,0"
869,31,F,Divorced,
870,37,M,Married,"403,0"
871,31,M,Marreid,"423,0"
872,31,M,,"424,0"
873,31,M,,
874,52,M,,"433,0"
875,28,M,Married,"440,0"
876,47,M,Married,"447,0"
877,29,M,,"455,0"
878,37,M,,"460,0"
879,23,M,,"465,0"
880,42,M,Divorced,"470,0"
881,30,F,,"475,0"
882,21,F,Single,"478,0"
883,57,M,,"482,0"
884,21,M,Single,
885,31,M,,
886,29,M,,"495,0"
887,27,M,,
888,49,M,Single,
889,36,F,Married,"501,0"
890,34,M,,"502,0"
891,24,F,Divorced,"507,0"
892,42,F,,"517,0"
893,54,M,Married,"522,0"
894,34,F,Married,"523,0"
895,43,M,,"525,0"
896,43,F,,"526,0"
897,31,M,Married,"530,0"
898,25,M,Married,
899,45,M,Married,"544,0"
900,52,F,Married,
901,34,F,,"555,0"
902,26,F,Divorced,
903,29,M,,"564,0"
904,29,F,Married,
905,46,M,Married,
906,46,F,,"580,0"
907,30,M,Single,"585,0"
908,34,F,Divorced,
909,42,M,Married,"591,0"
910,22,M,Single,"593,0"
911,29,M,Divorced,"611,0"
912,46,F,Married,"624,0"
913,32,M,,"631,0"
914,24,M,,"632,0"
915,35,M,Single,"652,0"
916,42,F,Married,"659,0"
917,48,F,Married,"664,0"
918,44,F,,"665,0"
919,34,F,,"666,0"
920,21,M,,
921,44,M,,"671,0"
922,22,M,Married,"675,0"
923,26,F,,"686,0"
924,36,M,,"699,0"
925,27,M,Single,
926,23,M,,"705,0"
927,25,M,,"707,0"
928,48,M,Marreid,"712,0"
929,24,F,Single,
930,60,M,Single,"732,0"
931,50,M,Married,"738,0"
932,44,M,Single,"744,0"
933,47,F,Divorced,"746,0"
934,42,M,Divorced,"752,0"
935,43,M,Married,"754,0"
936,40,F,Single,
937,29,M,,
938,53,M,Single,"769,0"
939,23,M,Single,
940,55,M,,
941,26,F,,"792,0"
942,34,F,Single,"797,0"
943,27,M,Married,"800,0"
944,35,F,,
945,30,M,Married,"806,0"
946,34,F,,
947,52,F,,"813,0"
948,33,F,Single,"819,0"
949,35,F,Single,
950,28,M,Single,
951,36,M,Married,
952,34,F,Single,"838,0"
953,34,M,,"847,0"
954,44,M,Single,"852,0"
955,32,M,Divorced,"859,0"
956,53,F,Married,
957,22,M,,"872,0"
958,44,M,,"874,0"
959,35,F,Divorced,"881,0"
960,25,M,,"885,0"
961,49,F,,
962,24,M,,"888,0"
963,38,M,,"893,0"
964,29,F,,"896,0"
965,43,F,Married,"902,0"
966,28,M,Single,"916,0"
967,20,F,Single,"922,0"
968,47,F,Single,"925,0"
969,22,F,Married,
970,28,F,Divorced,"930,0"
971,39,M,Married,
972,33,M,Single,"939,0"
973,36,M,Single,
974,35,F,,"975,0"
975,31,M,Single,"991,0"
976,33,F,Single,"995,0"
977,27,F,Marreid,"1001,0"
978,30,F,Married,
979,24,F,Divorced,
980,35,M,Divorced,"1010,0"
981,30,F,,"1017,0"
982,48,M,,"1022,0"
983,41,F,,
984,27,F,,"1027,0"
985,35,M,,"1028,0"
986,26,M,Single,"1037,0"
987,33,F,,"1044,0"
988,26,M,Married,"1053,0"
989,38,M,,
990,46,M,,"1069,0"
991,20,F,Single,"1077,0"
992,30,M,Marreid,"1084,0"
993,27,M,Married,"1094,0"
994,55,M,Married,"1096,0"
995,33,M,,"1099,0"
996,28,M,,"1102,0"
997,34,M,,"1103,0"
998,33,M,Single,"1108,0"
999,33,F,Married,"1114,0"
1000,21,F,Single,"1131,0"
1001,31,M,Married,"1135,0"
1002,35,M,Divorced,
1003,34,M,Single,"1140,0"
1004,33,F,Single,"1157,0"
1005,31,M,,"1160,0"
1006,37,F,,"1161,0"
1007,27,M,Married,"1162,0"
1008,35,M,Married,"1185,0"
1009,56,F,Divorced,
1010,45,F,,"1195,0"
1011,20,M,Single,
1012,50,F,,
1013,46,M,,"1217,0"
1014,32,F,Married,"1234,0"
1015,35,F,Married,
1016,29,F,Divorced,
1017,21,F,,
1018,34,F,,
1019,28,M,Single,"1286,0"
1020,35,M,Married,"1291,0"
1021,28,M,Married,
1022,28,M,Single,"1301,0"
1023,25,F,Single,"1303,0"
1024,58,M,,"1308,0"
1025,39,M,Single,
1026,30,F,Married,"1311,0"
1027,50,F,Marreid,"1317,0"
1028,41,M,Single,"1329,0"
1029,31,F,,"1331,0"
1030,44,M,,"1333,0"
1031,40,M,Divorced,
1032,25,M,Married,"1358,0"
1033,40,M,,"1361,0"
1034,51,F,,
1035,27,M,Single,"1371,0"
1036,35,F,Married,"1380,0"
1037,38,M,Divorced,
1038,31,M,Married,"1389,0"
1039,51,M,,
1040,41,F,,"1392,0"
1041,32,M,Married,"1396,0"
1042,25,M,Married,
1043,27,F,Married,"1403,0"
1044,27,F,Single,"1405,0"
1045,37,F,Single,"1411,0"
1046,35,M,,"1412,0"
1047,25,M,,"1415,0"
1048,30,F,Divorced,"1428,0"
1049,31,F,,
1050,36,F,,"1436,0"
1051,25,M,,"1439,0"
1052,56,F,,"1441,0"
1053,41,M,,"1448,0"
1054,31,F,,
1055,31,M,,"1464,0"
1056,48,M,Divorced,"1466,0"
1057,34,F,Married,"1467,0"
1058,44,M,Single,"1471,0"
1059,49,M,Married,"1473,0"
1060,44,M,,"1475,0"
1061,28,M,Married,"1486,0"
1062,44,M,Single,
1063,55,M,Married,
1064,28,M,Single,"1507,0"
1065,49,F,Marreid,"1509,0"
1066,29,F,,"1513,0"
1067,32,M,,"1516,0"
1068,31,F,,"1537,0"
1069,40,M,Divorced,"1552,0"
1070,36,M,,
1071,33,M,,"1560,0"
1072,30,M,Marreid,"1568,0"
1073,38,M,Married,"1573,0"
1074,48,F,Married,"1576,0"
1075,34,M,,"1580,0"
1076,38,F,Single,"1583,0"
1077,35,F,Single,"1587,0"
1078,23,M,Married,"1592,0"
1079,36,M,,"1594,0"
1080,34,M,,"1597,0"
1081,22,F,Married,
1082,32,F,Married,"1607,0"
1083,31,M,Single,
1084,36,F,Married,
1085,21,M,Single,"1623,0"
1086,47,F,Married,
1087,39,F,,
1088,40,F,,"1641,0"
1089,48,M,,"1644,0"
1090,35,M,,"1645,0"
1091,27,F,,"1647,0"
1092,27,M,Single,"1648,0"
1093,40,M,,
1094,29,M,Single,
1095,36,F,Married,"1651,0"
1096,49,F,Married,"1655,0"
1097,20,F,Single,"1657,0"
1098,36,F,,"1662,0"
1099,33,M,,"1670,0"
1100,49,F,Divorced,"1674,0"
1101,47,F,,
1102,20,M,,
1103,36,M,Married,"1682,0"
1104,44,F,,"1683,0"
1105,55,M,Divorced,"1694,0"
1106,23,M,Divorced,"1702,0"
1107,26,M,,
1108,32,M,Married,
1109,31,M,Married,"1721,0"
1110,41,M,Married,"1722,0"
1111,24,M,,
1112,36,M,,"1733,0"
1113,23,F,Single,"1735,0"
1114,24,M,Marreid,"1746,0"
1115,30,F,Divorced,
1116,31,M,,
1117,27,F,,"1751,0"
1118,29,F,Single,
1119,29,M,,"1753,0"
1120,53,F,Married,
1121,34,F,,
1122,51,F,Married,
1123,37,M,,"1787,0"
1124,46,M,,"1801,0"
1125,43,M,,"1813,0"
1126,41,M,Single,"1814,0"
1127,31,F,,"1833,0"
1128,28,F,,"1834,0"
1129,38,F,,"1835,0"
1130,58,M,Married,"1837,0"
1131,29,M,Divorced,"1844,0"
1132,47,F,Single,"1856,0"
1133,28,M,,"1858,0"
1134,32,M,,
1135,39,M,,
1136,55,M,,"1873,0"
1137,29,M,Single,"1883,0"
1138,35,F,Marreid,"1886,0"
1139,34,M,,"1905,0"
1140,56,M,Single,"1907,0"
1141,36,M,,"1908,0"
1142,31,F,Divorced,
1143,34,F,Married,
1144,31,F,Divorced,
1145,45,M,Single,"1922,0"
1146,39,F,,"1929,0"
1147,38,M,Divorced,
1148,31,M,Divorced,"1948,0"
1149,53,M,,
1150,38,M,,"1972,0"
1151,54,F,Single,"1980,0"
1152,23,M,Single,"1982,0"
1153,25,M,,"1992,0"
1154,31,M,,"1996,0"
1155,35,M,Married,"2003,0"
1156,22,M,,"2007,0"
1157,32,F,Single,"2010,0"
1158,32,M,,
1159,21,M,Single,
1160,36,F,,
1161,29,M,Marreid,"2027,0"
1162,32,M,,"2038,0"
1163,40,M,,"2048,0"
1164,35,M,,
1165,50,M,,"2055,0"
1166,26,F,Single,"2060,0"
1167,36,M,,"2061,0"
1168,27,M,,"2064,0"
1169,33,M,,"39,0"
1170,36,F,Married,"51,0"
1171,31,M,Single,"95,0"
1172,22,M,,"169,0"
1173,27,M,Divorced,"224,0"
1174,33,M,,"242,0"
1175,36,F,Single,"286,0"
1176,37,F,,"340,0"
1177,32,M,Married,
1178,51,M,Divorced,
1179,49,F,,"431,0"
1180,35,M,Single,"496,0"
1181,22,F,Married,"511,0"
1182,33,F,,"612,0"
1183,31,M,Divorced,"650,0"
1184,45,F,,"684,0"
1185,53,M,Married,"730,0"
1186,34,F,,"757,0"
1187,43,M,,
1188,28,M,Divorced,"869,0"
1189,42,M,Single,"875,0"
1190,27,F,,
1191,40,M,,"964,0"
1192,37,M,Married,"970,0"
1193,29,F,,
1194,38,M,Married,"1006,0"
1195,34,M,Divorced,
1196,34,F,Married,"1055,0"
1197,50,M,Marreid,"1061,0"
1198,Twenty-Six,M,,"1107,0"
1199,28,M,Divorced,
1200,28,F,Married,
1201,40,F,Marreid,"1180,0"
1202,19,M,Single,"1193,0"
1203,20,M,Single,"1226,0"
1204,40,F,Divorced,
1205,19,F,,
1206,59,F,Single,"1254,0"
1207,30,F,,"1321,0"
1208,45,M,Married,"1465,0"
1209,40,M,,
1210,30,M,,"1479,0"
1211,24,M,,"1551,0"
1212,32,F,Married,"1555,0"
1213,28,M,Married,"1604,0"
1214,49,F,Single,"1757,0"
1215,38,F,Married,"1760,0"
1216,46,M,,"1789,0"
1217,34,M,,"1807,0"
1218,39,M,,"1812,0"
1219,26,F,Married,"1818,0"
1220,54,F,Married,"1830,0"
1221,36,M,,"1890,0"
1222,32,F,,"1939,0"
1223,32,F,,
1224,28,M,,
1225,33,M,Divorced,"1994,0"
1226,Thirty-Seven,M,Single,"4,0"
1227,59,F,,"10,0"
1228,30,M,Divorced,
1229,22,M,,
1230,21,M,Single,"30,0"
1231,30,M,,"41,0"
1232,39,M,Marreid,"42,0"
1233,24,M,,
1234,35,M,Divorced,"53,0"
1235,27,F,Divorced,"54,0"
1236,26,M,Single,"55,0"
1237,37,M,Married,
1238,35,M,,
1239,48,M,,"64,0"
1240,35,M,Married,"70,0"
1241,55,F,Divorced,"84,0"
1242,45,M,,
1243,36,M,,
1244,36,F,,"97,0"
1245,45,M,,
1246,55,M,Married,"106,0"
1247,23,M,Divorced,"113,0"
1248,32,M,Single,
1249,20,F,Single,"137,0"
1250,37,M,Divorced,"139,0"
1251,22,F,Single,"144,0"
1252,34,F,,
1253,36,F,Divorced,"155,0"
1254,19,M,Single,"167,0"
1255,41,M,,"200,0"
1256,19,F,Single,"201,0"
1257,51,M,Married,"211,0"
1258,58,F,Married,"214,0"
1259,19,F,,
1260,19,M,Single,"243,0"
1261,35,M,,
1262,38,M,,"271,0"
1263,38,M,Married,"282,0"
1264,41,F,Single,
1265,59,M,Married,"309,0"
1266,50,F,Divorced,"323,0"
1267,41,M,Divorced,"334,0"
1268,45,M,,
1269,37,M,,"342,0"
1270,51,M,Married,
1271,28,M,Single,"364,0"
1272,29,M,Married,
1273,31,M,,"367,0"
1274,38,F,,
1275,44,M,,"392,0"
1276,36,M,Single,"397,0"
1277,18,M,Single,
1278,36,M,Married,"407,0"
1279,18,F,,
1280,39,F,Married,"445,0"
1281,43,F,Marreid,
1282,47,M,,
1283,42,F,Single,"468,0"
1284,32,F,Married,"471,0"
1285,48,F,Married,"473,0"
1286,42,M,,"477,0"
1287,36,F,,"479,0"
1288,33,F,Single,"485,0"
1289,46,F,Married,"487,0"
1290,21,F,Single,"494,0"
1291,30,M,,"508,0"
1292,30,M,Single,"514,0"
1293,Thirty-Two,M,Single,"518,0"
1294,40,F,Married,
1295,28,M,,
1296,38,M,Married,"556,0"
1297,19,M,Single,"566,0"
1298,57,M,Divorced,"568,0"
1299,47,F,,
1300,54,F,Single,
1301,31,M,,
1302,18,M,,"614,0"
1303,40,M,,"615,0"
1304,26,M,,
1305,26,M,Single,"622,0"
1306,38,F,,
1307,24,M,Married,"643,0"
1308,30,M,Married,"648,0"
1309,37,M,Married,"656,0"
1310,20,F,,"657,0"
1311,43,M,Divorced,"661,0"
1312,38,F,,"662,0"
1313,33,M,Divorced,
1314,30,F,,
1315,29,F,,"690,0"
1316,20,M,Single,"701,0"
1317,35,M,Marreid,"704,0"
1318,37,M,Single,"715,0"
1319,38,F,Single,"743,0"
1320,29,M,Single,"749,0"
1321,35,F,Divorced,
1322,38,M,Married,"773,0"
1323,34,F,,"775,0"
1324,23,M,,"811,0"
1325,Twenty-Four,M,Divorced,"812,0"
1326,29,F,Married,"816,0"
1327,40,M,,"832,0"
1328,30,F,Single,"833,0"
1329,45,F,,"834,0"
1330,27,M,Married,
1331,37,M,,
1332,32,M,Divorced,
1333,53,M,Married,"897,0"
1334,37,M,Single,"904,0"
1335,32,M,,"911,0"
1336,58,M,Divorced,"918,0"
1337,43,F,Divorced,
1338,21,F,Single,"923,0"
1339,34,M,,"934,0"
1340,58,F,Divorced,"940,0"
1341,48,M,Married,"945,0"
1342,32,F,Married,"951,0"
1343,25,M,Married,"952,0"
1344,40,M,Divorced,"954,0"
1345,19,M,Single,"959,0"
1346,20,M,Single,
1347,33,F,,
1348,58,M,Single,
1349,40,F,Single,"986,0"
1350,29,F,Single,"994,0"
1351,47,F,Single,"1003,0"
1352,18,M,,"1012,0"
1353,20,F,,
1354,42,M,,"1029,0"
1355,50,M,Married,
1356,37,F,,"1033,0"
1357,38,M,,
1358,36,M,Divorced,"1052,0"
1359,28,M,Married,"1056,0"
1360,43,M,,"1076,0"
1361,21,F,Single,"1079,0"
1362,51,M,Married,"1081,0"
1363,37,F,Divorced,"1105,0"
1364,28,M,Divorced,"1111,0"
1365,50,M,Single,"1113,0"
1366,34,M,,"1115,0"
1367,38,M,Single,"1125,0"
1368,42,M,,
1369,18,M,Single,"1156,0"
1370,41,M,,"1158,0"
1371,35,M,,"1172,0"
1372,32,F,,"1190,0"
1373,22,M,Married,
1374,44,M,Single,"1206,0"
1375,41,M,,"1210,0"
1376,40,M,,
1377,24,F,,
1378,42,F,Married,"1242,0"
1379,49,M,Married,"1256,0"
1380,48,M,Single,"1258,0"
1381,29,M,,"1260,0"
1382,48,M,Single,"1263,0"
1383,34,F,,
1384,19,F,Single,"1269,0"
1385,23,M,,"1270,0"
1386,25,M,Single,"1273,0"
1387,42,F,Married,
1388,51,F,Single,
1389,45,F,,"1306,0"
1390,27,F,Married,"1364,0"
1391,18,F,Single,"1368,0"
1392,31,F,Single,"1379,0"
1393,31,F,Single,"1427,0"
1394,31,F,,"1433,0"
1395,27,M,Married,"1434,0"
1396,39,F,Single,"1458,0"
1397,44,F,Married,"1481,0"
1398,30,M,,"1482,0"
1399,35,M,,
1400,24,M,,"1494,0"
1401,24,F,Married,
1402,28,M,Single,"1504,0"
1403,28,M,,
1404,33,M,,"1515,0"
1405,39,F,Single,"1525,0"
1406,42,M,Married,"1542,0"
1407,29,M,Married,"1558,0"
1408,35,M,,"1564,0"
1409,35,F,,
1410,34,M,Single,"1577,0"
1411,26,F,,"1581,0"
1412,36,F,Single,
1413,50,M,Marreid,"1591,0"
1414,42,M,,
1415,35,M,,"1601,0"
1416,46,M,,"1602,0"
1417,18,F,Single,"1624,0"
1418,29,M,Divorced,"1669,0"
1419,31,F,,"1673,0"
1420,41,M,Single,"1678,0"
1421,38,F,,
1422,32,M,Single,
1423,60,M,Divorced,"1697,0"
1424,24,M,Married,"1714,0"
1425,40,F,,"1724,0"
1426,30,M,Married,
1427,47,M,,"1731,0"
1428,32,M,Single,
1429,45,F,Marreid,"1744,0"
1430,34,M,Married,"1755,0"
1431,33,F,,"1758,0"
1432,31,M,Married,"1761,0"
1433,29,F,Divorced,
1434,30,M,Married,"1763,0"
1435,38,M,Married,"1766,0"
1436,43,M,,
1437,55,M,Married,
1438,21,M,Single,
1439,22,F,,"1783,0"
1440,37,M,Divorced,
1441,42,M,Married,
1442,18,F,Single,"1839,0"
1443,31,M,Married,"1842,0"
1444,36,F,,"1847,0"
1445,32,M,,"1853,0"
1446,29,M,Divorced,
1447,42,M,,"1860,0"
1448,29,M,Married,"1865,0"
1449,29,M,,
1450,28,F,,"1875,0"
1451,30,M,,"1876,0"
1452,22,M,Single,
1453,26,F,,"1893,0"
1454,44,M,,"1903,0"
1455,29,M,Single,"1928,0"
1456,28,F,,"1933,0"
1457,56,F,Married,"1935,0"
1458,39,M,Married,"1936,0"
1459,58,F,,"1938,0"
1460,42,M,Divorced,"1943,0"
1461,27,F,Married,"1944,0"
1462,38,M,Single,"1961,0"
1463,32,M,,"1966,0"
1464,31,F,,"1974,0"
1465,25,F,,
1466,40,M,Married,"2012,0"
1467,39,M,,
1468,23,M,Married,"2023,0"
1469,35,F,Single,"2040,0"
1470,34,M,,"1541,0"
1471,28,M,Single,"1947,0"
1472,29,M,Married,"1954,0"
1473,58,F,Married,
1474,38,M,Divorced,"307,0"
1475,29,F,Married,
1476,55,M,Single,"374,0"
1477,41,M,,
1478,39,M,,
1479,38,M,,
1480,43,M,,
1481,31,F,Married,"524,0"
1482,50,M,Married,"569,0"
1483,33,F,,"1044,0"
1484,26,M,Married,"1053,0"
1485,38,M,,
1486,46,M,,"1069,0"
1487,21,F,Single,"1131,0"
1488,31,M,Married,"1135,0"
1489,35,M,Divorced,
1490,34,M,Single,"1140,0"
1491,33,F,Single,"1157,0"
1492,31,M,,"1160,0"
1493,37,F,,"1161,0"
1494,27,M,Married,"1162,0"
1495,35,M,Married,"1185,0"
1496,56,F,Divorced,
1497,45,F,,"1195,0"
1498,43,M,,"1778,0"
1499,31,F,,
1500,35,M,,"1797,0"
1501,35,M,Divorced,"1804,0"
1502,30,F,Single,"1816,0"
1503,46,F,Married,"1821,0"
1504,45,F,Marreid,
1505,43,M,Married,"1849,0"
1506,46,F,,"1869,0"
1507,40,M,,
1508,27,F,Single,"1898,0"
1509,42,M,Married,"1911,0"
1510,26,M,Married,
1511,28,M,Married,"1927,0"
1512,31,M,Married,"423,0"
1513,31,M,,"424,0"
1514,31,M,,
1515,52,M,,"433,0"
1516,28,M,Married,"440,0"
1517,47,M,Married,"447,0"
1518,29,M,,"455,0"
1519,37,M,,"460,0"
1520,23,M,,"465,0"
1521,42,M,Divorced,"470,0"
1522,30,F,,"475,0"
1523,21,F,Single,"478,0"
1524,57,M,,"482,0"
1525,21,M,Single,
1526,31,M,,
1527,29,M,,"495,0"
1528,27,M,,
1529,49,M,Single,
1530,36,F,Married,"501,0"
1531,34,M,,"502,0"
1532,24,F,Divorced,"507,0"
1533,42,F,,"517,0"
1534,54,M,Married,"522,0"
1535,34,F,Married,"523,0"
1536,43,M,,"525,0"
1537,43,F,,"526,0"
1538,31,M,Married,"530,0"
1539,25,M,Married,
1540,45,M,Married,"544,0"
1541,45,M,Married,
1542,47,M,Married,"376,0"
1543,35,F,Divorced,"381,0"
1544,29,M,Single,"388,0"
1545,55,M,Marreid,"389,0"
1546,26,M,Single,"401,0"
1547,31,M,,"416,0"
1548,43,F,,"430,0"
1549,31,M,,"438,0"
1550,32,F,Single,
1551,33,M,,"446,0"
1552,43,F,Divorced,"448,0"
1553,29,M,,"454,0"
1554,27,F,,"458,0"
1555,29,F,Divorced,
1556,37,M,Divorced,
1557,26,M,,"476,0"
1558,40,F,Married,"483,0"
1559,41,M,,"488,0"
1560,51,F,,"500,0"
1561,37,F,,
1562,56,F,Married,
1563,41,M,Married,"534,0"
1564,46,F,,
1565,30,F,Single,
1566,35,M,,"586,0"
1567,48,F,Married,"595,0"
1568,45,M,,
1569,26,F,,"608,0"
1570,41,F,Single,"616,0"
1571,34,M,Single,"621,0"
1572,31,M,Divorced,"653,0"
1573,43,M,Divorced,"663,0"
1574,53,F,Single,"682,0"
1575,37,M,Married,
1576,54,M,,
1577,38,F,,
1578,29,M,Divorced,"710,0"
1579,34,F,,"717,0"
1580,39,F,Single,"721,0"
1581,32,M,,"722,0"
1582,38,F,,"724,0"
1583,27,F,Married,"725,0"
1584,Thirty-Two,F,Single,
1585,47,M,Single,"728,0"
1586,27,M,,"733,0"
1587,41,M,,"734,0"
1588,28,F,,
1589,36,F,Married,"742,0"
1590,30,M,Divorced,"747,0"
1591,56,M,Married,"762,0"
1592,45,M,Single,"783,0"
1593,36,M,Single,"789,0"
1594,29,F,Married,"793,0"
1595,38,F,Single,"803,0"
1596,40,F,,
1597,42,M,,"809,0"
1598,36,F,,"823,0"
1599,29,M,Married,
1600,55,M,Single,"842,0"
1601,28,F,,
1602,26,F,Married,
1603,44,M,,"913,0"
1604,41,F,Divorced,"927,0"
1605,31,M,,"941,0"
1606,26,M,,"956,0"
1607,31,F,,
1608,32,F,Married,"966,0"
1609,36,M,Married,"967,0"
1610,45,M,,"972,0"
1611,39,M,Single,
1612,36,M,Divorced,"990,0"
1613,46,M,,
