,age,gender,marital_status
0,51,M,Unknown
1,52,M,Unknown
2,42,M,Married
3,47,F,Married
4,46,F,Divorced
5,48,F,Unknown
6,59,F,Unknown
7,42,M,Married
8,41,F,Married
9,41,M,Unknown
10,41,F,Unknown
11,56,M,Married
12,38,F,Married
13,41,F,Married
14,55,M,Single
15,40,F,Unknown
16,58,M,Single
17,46,F,Unknown
18,35,M,Married
19,40,F,Unknown
20,45,M,Unknown
21,33,F,Single
22,36,F,Divorced
23,47,F,Married
24,36,M,Unknown
25,35,F,Married
26,52,F,Married
27,36,F,Single
28,33,M,Married
29,34,M,Unknown
30,41,F,Divorced
31,47,M,Unknown
32,53,F,Unknown
33,35,M,Single
34,34,F,Single
35,46,F,Divorced
36,43,F,Married
37,36,M,Married
38,60,F,Married
39,40,M,Married
40,32,F,Married
41,41,M,Single
42,53,M,Divorced
43,36,F,Single
44,46,F,Divorced
45,38,M,Married
46,51,F,Single
47,43,M,Married
48,37,F,Single
49,32,F,Married
50,38,F,Married
51,46,F,Unknown
52,35,M,Married
53,43,F,Married
54,56,M,Divorced
55,36,M,Divorced
56,38,F,Unknown
57,49,F,Unknown
58,39,F,Married
59,40,M,Married
60,36,M,Single
61,37,F,Married
62,35,M,Unknown
63,33,M,Divorced
64,50,M,Married
65,48,M,Single
66,44,F,Married
67,44,M,Single
68,40,F,Unknown
69,34,F,Single
70,35,F,Unknown
71,50,F,Unknown
72,49,F,Unknown
73,38,M,Unknown
74,33,M,Unknown
75,47,F,Divorced
76,38,F,Divorced
77,37,F,Unknown
78,30,M,Married
79,58,M,Single
80,34,F,Single
81,58,F,Married
82,38,M,Divorced
83,29,F,Married
84,55,M,Single
85,41,M,Unknown
86,39,M,Unknown
87,38,M,Unknown
88,43,M,Unknown
89,31,F,Married
90,50,M,Married
91,35,M,Married
92,47,M,Unknown
93,35,F,Divorced
94,40,M,Married
95,45,F,Married
96,33,M,Married
97,36,M,Married
98,45,F,Unknown
99,51,M,Unknown
100,34,M,Unknown
101,43,M,Unknown
102,34,M,Unknown
103,38,M,Divorced
104,48,M,Unknown
105,34,M,Married
106,32,F,Unknown
107,29,F,Divorced
108,46,M,Married
109,30,M,Married
110,45,M,Unknown
111,30,F,Unknown
112,30,M,Unknown
113,34,M,Married
114,51,M,Married
115,34,M,Unknown
116,35,M,Married
117,45,M,Unknown
118,39,M,Married
119,31,F,Married
120,39,M,Married
121,45,M,Unknown
122,30,F,Unknown
123,31,F,Unknown
124,36,M,Married
125,36,M,Married
126,55,F,Single
127,35,M,Unknown
128,42,M,Married
129,52,M,Divorced
130,49,M,Unknown
131,34,M,Married
132,33,M,Single
133,33,M,Married
134,53,F,Unknown
135,49,F,Married
136,35,M,Unknown
137,38,F,Married
138,46,M,Married
139,36,M,Single
140,42,M,Single
141,34,M,Single
142,30,M,Unknown
143,54,M,Married
144,31,F,Single
145,44,M,Married
146,55,M,Divorced
147,44,M,Divorced
148,34,M,Unknown
149,39,F,Divorced
150,55,F,Unknown
151,51,M,Unknown
152,58,F,Married
153,48,M,Single
154,29,M,Single
155,34,M,Single
156,42,F,Unknown
157,57,M,Married
158,34,F,Single
159,54,F,Unknown
160,34,M,Unknown
161,29,M,Single
162,35,M,Unknown
163,35,M,Unknown
164,34,F,Married
165,43,M,Unknown
166,58,M,Divorced
167,36,F,Married
168,43,M,Married
169,55,M,Married
170,42,M,Single
171,40,F,Married
172,56,M,Married
173,39,F,Unknown
174,53,F,Married
175,27,M,Single
176,30,F,Unknown
177,35,M,Married
178,32,M,Married
179,30,M,Married
180,46,M,Unknown
181,30,F,Unknown
182,32,M,Single
183,35,M,Married
184,32,F,Single
185,41,M,Divorced
186,40,F,Unknown
187,45,M,Married
188,32,M,Married
189,30,M,Unknown
190,37,M,Unknown
191,37,M,Divorced
192,40,M,Unknown
193,36,F,Married
194,32,M,Married
195,38,F,Unknown
196,30,F,Married
197,39,M,Unknown
198,60,F,Unknown
199,30,F,Unknown
200,31,M,Divorced
201,33,M,Single
202,50,M,Married
203,32,M,Unknown
204,42,M,Unknown
205,49,F,Married
206,27,M,Divorced
207,33,M,Divorced
208,52,F,Married
209,32,M,Unknown
210,36,M,Unknown
211,31,F,Unknown
212,36,M,Single
213,52,M,Married
214,33,M,Single
215,45,M,Unknown
216,36,F,Unknown
217,49,M,Unknown
218,29,F,Unknown
219,29,F,Married
220,37,F,Married
221,33,M,Unknown
222,34,F,Divorced
223,28,F,Married
224,31,F,Unknown
225,42,M,Unknown
226,40,M,Single
227,34,F,Single
228,58,F,Unknown
229,31,F,Unknown
230,40,M,Unknown
231,53,M,Single
232,34,M,Unknown
233,35,F,Single
234,37,M,Married
235,42,M,Unknown
236,45,M,Divorced
237,30,M,Married
238,38,M,Married
239,50,M,Unknown
240,39,M,Unknown
241,34,F,Unknown
242,54,F,Unknown
243,41,M,Unknown
244,39,M,Married
245,40,M,Unknown
246,33,M,Unknown
247,36,M,Unknown
248,33,M,Married
249,34,M,Unknown
250,29,M,Married
251,46,M,Divorced
252,27,F,Married
253,31,M,Divorced
254,45,F,Unknown
255,34,M,Unknown
256,31,M,Married
257,35,F,Unknown
258,39,M,Single
259,40,F,Married
260,30,M,Married
261,47,F,Married
262,52,M,Divorced
263,49,M,Married
264,33,F,Married
265,32,M,Unknown
266,38,M,Unknown
267,36,M,Unknown
268,42,M,Unknown
269,31,M,Divorced
270,31,F,Single
271,51,M,Unknown
272,34,M,Unknown
273,36,F,Unknown
274,30,M,Divorced
275,33,M,Married
276,31,M,Married
277,41,M,Divorced
278,26,F,Unknown
279,32,M,Divorced
280,40,F,Divorced
281,53,M,Unknown
282,29,M,Married
283,36,M,Unknown
284,33,F,Unknown
285,51,F,Single
286,27,F,Single
287,37,M,Unknown
288,38,M,Married
289,49,M,Divorced
290,27,F,Single
291,45,F,Single
292,35,F,Single
293,33,F,Unknown
294,52,M,Unknown
295,40,M,Unknown
296,38,M,Unknown
297,46,F,Married
298,45,M,Married
299,47,M,Married
300,35,F,Divorced
301,29,M,Single
302,55,M,Married
303,26,M,Single
304,31,M,Unknown
305,43,F,Unknown
306,31,M,Unknown
307,32,F,Single
308,33,M,Unknown
309,43,F,Divorced
310,29,M,Unknown
311,27,F,Unknown
312,29,F,Divorced
313,37,M,Divorced
314,26,M,Unknown
315,40,F,Married
316,41,M,Unknown
317,51,F,Unknown
318,37,F,Unknown
319,56,F,Married
320,41,M,Married
321,46,F,Unknown
322,30,F,Single
323,35,M,Unknown
324,48,F,Married
325,45,M,Unknown
326,26,F,Unknown
327,41,F,Single
328,34,M,Single
329,31,M,Divorced
330,43,M,Divorced
331,53,F,Single
332,37,M,Married
333,54,M,Unknown
334,38,F,Unknown
335,29,M,Divorced
336,34,F,Unknown
337,39,F,Single
338,32,M,Unknown
339,38,F,Unknown
340,27,F,Married
341,32,F,Single
342,47,M,Single
343,27,M,Unknown
344,41,M,Unknown
345,28,F,Unknown
346,36,F,Married
347,30,M,Divorced
348,56,M,Married
349,45,M,Single
350,36,M,Single
351,29,F,Married
352,38,F,Single
353,40,F,Unknown
354,42,M,Unknown
355,36,F,Unknown
356,29,M,Married
357,55,M,Single
358,28,F,Unknown
359,26,F,Married
360,44,M,Unknown
361,41,F,Divorced
362,31,M,Unknown
363,26,M,Unknown
364,31,F,Unknown
365,32,F,Married
366,36,M,Married
367,45,M,Unknown
368,39,M,Single
369,36,M,Divorced
370,46,M,Unknown
371,54,F,Unknown
372,30,F,Unknown
373,26,M,Married
374,55,M,Married
375,50,F,Married
376,32,F,Single
377,53,F,Unknown
378,40,M,Married
379,55,M,Single
380,28,M,Single
381,28,F,Single
382,35,M,Unknown
383,33,F,Single
384,25,M,Married
385,38,M,Unknown
386,28,F,Unknown
387,43,F,Married
388,39,M,Unknown
389,40,M,Unknown
390,29,M,Married
391,40,F,Unknown
392,26,M,Unknown
393,35,M,Divorced
394,53,F,Divorced
395,35,M,Unknown
396,33,F,Unknown
397,36,M,Divorced
398,30,M,Divorced
399,60,M,Divorced
400,32,F,Single
401,36,F,Divorced
402,27,M,Unknown
403,43,M,Unknown
404,29,F,Divorced
405,59,M,Single
406,43,F,Single
407,44,F,Married
408,29,F,Divorced
409,32,M,Married
410,36,F,Married
411,52,M,Single
412,39,M,Single
413,34,M,Unknown
414,38,F,Unknown
415,36,F,Married
416,35,F,Unknown
417,55,M,Unknown
418,34,M,Unknown
419,43,F,Single
420,42,F,Married
421,26,M,Single
422,29,F,Single
423,54,F,Unknown
424,55,M,Divorced
425,40,M,Unknown
426,31,M,Divorced
427,46,M,Divorced
428,45,M,Unknown
429,49,M,Divorced
430,29,M,Unknown
431,29,M,Single
432,29,F,Unknown
433,40,M,Single
434,48,F,Divorced
435,53,F,Married
436,44,F,Unknown
437,45,F,Unknown
438,45,M,Unknown
439,34,M,Unknown
440,39,M,Unknown
441,27,M,Divorced
442,45,F,Divorced
443,44,M,Married
444,25,M,Divorced
445,49,M,Single
446,48,F,Unknown
447,26,M,Unknown
448,44,F,Unknown
449,36,F,Single
450,46,M,Single
451,35,M,Married
452,30,F,Unknown
453,30,M,Unknown
454,33,F,Unknown
455,32,M,Single
456,43,M,Unknown
457,31,F,Unknown
458,35,M,Unknown
459,35,M,Divorced
460,30,F,Single
461,46,F,Married
462,45,F,Married
463,43,M,Married
464,46,F,Unknown
465,40,M,Unknown
466,27,F,Single
467,42,M,Married
468,26,M,Married
469,28,M,Married
470,47,M,Married
471,34,M,Divorced
472,26,M,Single
473,27,M,Unknown
474,31,M,Unknown
475,33,M,Divorced
476,31,F,Married
477,35,M,Unknown
478,33,F,Married
479,39,M,Single
480,36,F,Married
481,41,F,Married
482,34,F,Married
483,38,F,Married
484,39,M,Unknown
485,34,F,Single
486,44,F,Married
487,46,M,Single
488,41,M,Divorced
489,39,F,Single
490,42,F,Divorced
491,33,F,Married
492,35,M,Single
493,33,M,Married
494,40,F,Single
495,41,M,Divorced
496,27,F,Unknown
497,52,M,Unknown
498,51,F,Married
499,47,F,Unknown
500,50,M,Divorced
501,35,F,Married
502,39,F,Married
503,39,F,Single
504,41,F,Unknown
505,44,M,Married
506,42,M,Unknown
507,52,M,Single
508,38,M,Unknown
509,46,F,Unknown
510,35,M,Single
511,28,M,Married
512,44,M,Married
513,50,M,Unknown
514,55,M,Unknown
515,39,M,Married
516,49,F,Unknown
517,45,F,Single
518,46,M,Unknown
519,27,F,Married
520,42,M,Married
521,49,M,Married
522,29,F,Single
523,34,M,Unknown
524,37,M,Divorced
525,36,M,Single
526,45,M,Single
527,29,M,Unknown
528,26,F,Unknown
529,28,M,Single
530,42,F,Married
531,31,M,Unknown
532,37,F,Single
533,37,M,Divorced
534,37,F,Married
535,24,M,Unknown
536,50,M,Married
537,34,M,Unknown
538,27,F,Unknown
539,25,F,Single
540,34,M,Single
541,34,F,Unknown
542,35,M,Single
543,35,F,Unknown
544,33,F,Married
545,29,F,Divorced
546,29,F,Divorced
547,34,F,Married
548,28,M,Married
549,44,F,Married
550,31,M,Married
551,26,M,Unknown
552,47,M,Unknown
553,37,M,Single
554,32,M,Married
555,32,M,Divorced
556,33,F,Unknown
557,47,M,Married
558,41,F,Unknown
559,35,M,Married
560,29,M,Married
561,32,M,Unknown
562,35,M,Single
563,56,M,Unknown
564,28,M,Unknown
565,25,M,Single
566,56,F,Unknown
567,26,F,Married
568,32,F,Unknown
569,30,F,Single
570,50,F,Unknown
571,32,M,Unknown
572,45,F,Unknown
573,43,M,Divorced
574,29,F,Married
575,31,M,Unknown
576,33,M,Married
577,31,M,Unknown
578,37,M,Unknown
579,50,M,Divorced
580,42,F,Married
581,27,M,Unknown
582,27,M,Unknown
583,41,M,Single
584,37,F,Unknown
585,40,M,Unknown
586,55,F,Single
587,26,M,Unknown
588,40,F,Divorced
589,25,F,Single
590,30,F,Single
591,52,M,Married
592,42,F,Unknown
593,30,F,Unknown
594,35,M,Single
595,31,M,Divorced
596,35,F,Single
597,25,M,Unknown
598,32,F,Married
599,47,F,Unknown
600,30,M,Divorced
601,45,M,Divorced
602,36,M,Unknown
603,31,M,Unknown
604,37,F,Married
605,39,F,Unknown
606,42,F,Unknown
607,30,M,Unknown
608,50,M,Divorced
609,59,M,Unknown
610,54,F,Married
611,56,F,Married
612,48,M,Single
613,39,M,Single
614,35,M,Unknown
615,42,M,Single
616,44,M,Single
617,29,F,Married
618,33,M,Unknown
619,54,F,Unknown
620,46,F,Married
621,30,F,Single
622,32,M,Unknown
623,40,M,Single
624,34,F,Divorced
625,39,M,Married
626,37,M,Married
627,33,M,Married
628,39,M,Unknown
629,52,F,Married
630,36,F,Single
631,36,M,Single
632,24,F,Married
633,34,F,Unknown
634,28,M,Single
635,33,F,Unknown
636,47,F,Married
637,40,M,Single
638,45,M,Married
639,40,M,Unknown
640,29,M,Unknown
641,40,F,Married
642,43,M,Divorced
643,30,M,Unknown
644,38,F,Unknown
645,37,F,Married
646,39,M,Unknown
647,36,M,Divorced
648,23,M,Single
649,35,M,Unknown
650,31,F,Single
651,38,F,Married
652,35,M,Married
653,40,F,Unknown
654,27,F,Single
655,41,F,Unknown
656,33,M,Single
657,49,M,Married
658,36,M,Unknown
659,41,M,Divorced
660,29,F,Single
661,31,M,Unknown
662,36,M,Single
663,43,F,Unknown
664,33,F,Married
665,44,F,Unknown
666,38,F,Single
667,50,F,Divorced
668,59,F,Single
669,40,M,Married
670,54,F,Unknown
671,50,F,Unknown
672,54,F,Single
673,24,M,Married
674,37,M,Unknown
675,30,M,Single
676,34,F,Unknown
677,57,M,Divorced
678,38,F,Single
679,41,F,Unknown
680,42,F,Divorced
681,34,M,Divorced
682,30,F,Unknown
683,29,M,Single
684,32,F,Married
685,25,M,Unknown
686,53,M,Married
687,26,M,Married
688,28,F,Unknown
689,28,M,Single
690,58,M,Divorced
691,27,F,Single
692,54,F,Unknown
693,40,M,Married
694,29,M,Unknown
695,50,M,Unknown
696,24,F,Single
697,30,M,Married
698,34,M,Unknown
699,33,M,Divorced
700,36,M,Single
701,41,M,Single
702,39,F,Married
703,26,M,Married
704,24,F,Unknown
705,27,F,Divorced
706,27,M,Divorced
707,50,M,Married
708,23,M,Unknown
709,39,F,Unknown
710,52,M,Unknown
711,26,M,Single
712,54,F,Divorced
713,37,F,Divorced
714,50,M,Unknown
715,42,F,Married
716,38,M,Unknown
717,25,M,Single
718,32,F,Married
719,25,M,Unknown
720,42,F,Married
721,33,M,Divorced
722,29,F,Unknown
723,38,F,Unknown
724,45,F,Divorced
725,31,F,Unknown
726,22,M,Unknown
727,59,F,Unknown
728,45,F,Married
729,45,M,Unknown
730,37,F,Unknown
731,26,F,Unknown
732,26,M,Married
733,28,M,Married
734,24,M,Single
735,30,M,Married
736,43,F,Single
737,30,M,Divorced
738,46,M,Divorced
739,42,M,Married
740,25,M,Single
741,27,M,Divorced
742,56,M,Single
743,41,F,Unknown
744,28,M,Married
745,52,F,Married
746,26,M,Single
747,49,M,Unknown
748,34,M,Unknown
749,32,M,Unknown
750,33,M,Unknown
751,29,F,Single
752,30,M,Unknown
753,23,M,Single
754,33,M,Unknown
755,35,F,Married
756,38,M,Unknown
757,28,F,Divorced
758,37,M,Unknown
759,24,F,Unknown
760,36,M,Unknown
761,38,F,Unknown
762,53,M,Married
763,37,M,Unknown
764,24,M,Married
765,29,F,Unknown
766,32,M,Married
767,42,M,Divorced
768,41,M,Divorced
769,44,M,Unknown
770,28,M,Married
771,39,M,Single
772,40,F,Married
773,37,M,Single
774,40,F,Unknown
775,26,M,Unknown
776,42,M,Married
777,34,M,Married
778,37,M,Unknown
779,27,M,Unknown
780,35,M,Unknown
781,28,M,Single
782,29,M,Married
783,54,F,Married
784,24,M,Single
785,38,M,Married
786,42,M,Unknown
787,41,M,Unknown
788,25,F,Unknown
789,44,M,Single
790,50,M,Unknown
791,36,F,Married
792,45,F,Unknown
793,40,F,Married
794,35,F,Married
795,29,M,Unknown
796,34,M,Unknown
797,27,M,Married
798,31,M,Divorced
799,34,M,Divorced
800,28,M,Single
801,32,M,Divorced
802,38,M,Single
803,24,F,Unknown
804,34,M,Single
805,32,F,Unknown
806,46,F,Single
807,44,M,Married
808,50,M,Married
809,35,F,Married
810,28,M,Single
811,26,F,Married
812,35,F,Unknown
813,35,M,Married
814,37,M,Unknown
815,46,M,Divorced
816,34,M,Married
817,51,M,Unknown
818,24,F,Married
819,44,M,Married
820,37,M,Divorced
821,59,F,Unknown
822,25,M,Married
823,43,F,Single
824,50,F,Single
825,31,F,Unknown
826,36,M,Divorced
827,51,M,Unknown
828,25,M,Unknown
829,38,F,Unknown
830,30,F,Divorced
831,22,M,Married
832,27,M,Unknown
833,28,M,Married
834,27,M,Unknown
835,56,F,Divorced
836,38,F,Single
837,31,F,Unknown
838,34,F,Unknown
839,50,M,Unknown
840,53,F,Divorced
841,35,F,Single
842,27,M,Married
843,40,M,Married
844,22,M,Unknown
845,40,M,Unknown
846,46,M,Unknown
847,30,F,Unknown
848,29,M,Single
849,54,F,Married
850,33,F,Married
851,52,F,Single
852,59,M,Married
853,32,M,Single
854,39,F,Divorced
855,32,M,Unknown
856,31,M,Divorced
857,33,F,Married
858,45,M,Unknown
859,42,F,Single
860,29,M,Divorced
861,25,F,Married
862,32,M,Unknown
863,28,M,Married
864,21,M,Single
865,37,F,Divorced
866,38,M,Unknown
867,26,M,Divorced
868,49,F,Single
869,31,F,Divorced
870,37,M,Married
871,31,M,Married
872,31,M,Unknown
873,31,M,Unknown
874,52,M,Unknown
875,28,M,Married
876,47,M,Married
877,29,M,Unknown
878,37,M,Unknown
879,23,M,Unknown
880,42,M,Divorced
881,30,F,Unknown
882,21,F,Single
883,57,M,Unknown
884,21,M,Single
885,31,M,Unknown
886,29,M,Unknown
887,27,M,Unknown
888,49,M,Single
889,36,F,Married
890,34,M,Unknown
891,24,F,Divorced
892,42,F,Unknown
893,54,M,Married
894,34,F,Married
895,43,M,Unknown
896,43,F,Unknown
897,31,M,Married
898,25,M,Married
899,45,M,Married
900,52,F,Married
901,34,F,Unknown
902,26,F,Divorced
903,29,M,Unknown
904,29,F,Married
905,46,M,Married
906,46,F,Unknown
907,30,M,Single
908,34,F,Divorced
909,42,M,Married
910,22,M,Single
911,29,M,Divorced
912,46,F,Married
913,32,M,Unknown
914,24,M,Unknown
915,35,M,Single
916,42,F,Married
917,48,F,Married
918,44,F,Unknown
919,34,F,Unknown
920,21,M,Unknown
921,44,M,Unknown
922,22,M,Married
923,26,F,Unknown
924,36,M,Unknown
925,27,M,Single
926,23,M,Unknown
927,25,M,Unknown
928,48,M,Married
929,24,F,Single
930,60,M,Single
931,50,M,Married
932,44,M,Single
933,47,F,Divorced
934,42,M,Divorced
935,43,M,Married
936,40,F,Single
937,29,M,Unknown
938,53,M,Single
939,23,M,Single
940,55,M,Unknown
941,26,F,Unknown
942,34,F,Single
943,27,M,Married
944,35,F,Unknown
945,30,M,Married
946,34,F,Unknown
947,52,F,Unknown
948,33,F,Single
949,35,F,Single
950,28,M,Single
951,36,M,Married
952,34,F,Single
953,34,M,Unknown
954,44,M,Single
955,32,M,Divorced
956,53,F,Married
957,22,M,Unknown
958,44,M,Unknown
959,35,F,Divorced
960,25,M,Unknown
961,49,F,Unknown
962,24,M,Unknown
963,38,M,Unknown
964,29,F,Unknown
965,43,F,Married
966,28,M,Single
967,20,F,Single
968,47,F,Single
969,22,F,Married
970,28,F,Divorced
971,39,M,Married
972,33,M,Single
973,36,M,Single
974,35,F,Unknown
975,31,M,Single
976,33,F,Single
977,27,F,Married
978,30,F,Married
979,24,F,Divorced
980,35,M,Divorced
981,30,F,Unknown
982,48,M,Unknown
983,41,F,Unknown
984,27,F,Unknown
985,35,M,Unknown
986,26,M,Single
987,33,F,Unknown
988,26,M,Married
989,38,M,Unknown
990,46,M,Unknown
991,20,F,Single
992,30,M,Married
993,27,M,Married
994,55,M,Married
995,33,M,Unknown
996,28,M,Unknown
997,34,M,Unknown
998,33,M,Single
999,33,F,Married
1000,21,F,Single
1001,31,M,Married
1002,35,M,Divorced
1003,34,M,Single
1004,33,F,Single
1005,31,M,Unknown
1006,37,F,Unknown
1007,27,M,Married
1008,35,M,Married
1009,56,F,Divorced
1010,45,F,Unknown
1011,20,M,Single
1012,50,F,Unknown
1013,46,M,Unknown
1014,32,F,Married
1015,35,F,Married
1016,29,F,Divorced
1017,21,F,Unknown
1018,34,F,Unknown
1019,28,M,Single
1020,35,M,Married
1021,28,M,Married
1022,28,M,Single
1023,25,F,Single
1024,58,M,Unknown
1025,39,M,Single
1026,30,F,Married
1027,50,F,Married
1028,41,M,Single
1029,31,F,Unknown
1030,44,M,Unknown
1031,40,M,Divorced
1032,25,M,Married
1033,40,M,Unknown
1034,51,F,Unknown
1035,27,M,Single
1036,35,F,Married
1037,38,M,Divorced
1038,31,M,Married
1039,51,M,Unknown
1040,41,F,Unknown
1041,32,M,Married
1042,25,M,Married
1043,27,F,Married
1044,27,F,Single
1045,37,F,Single
1046,35,M,Unknown
1047,25,M,Unknown
1048,30,F,Divorced
1049,31,F,Unknown
1050,36,F,Unknown
1051,25,M,Unknown
1052,56,F,Unknown
1053,41,M,Unknown
1054,31,F,Unknown
1055,31,M,Unknown
1056,48,M,Divorced
1057,34,F,Married
1058,44,M,Single
1059,49,M,Married
1060,44,M,Unknown
1061,28,M,Married
1062,44,M,Single
1063,55,M,Married
1064,28,M,Single
1065,49,F,Married
1066,29,F,Unknown
1067,32,M,Unknown
1068,31,F,Unknown
1069,40,M,Divorced
1070,36,M,Unknown
1071,33,M,Unknown
1072,30,M,Married
1073,38,M,Married
1074,48,F,Married
1075,34,M,Unknown
1076,38,F,Single
1077,35,F,Single
1078,23,M,Married
1079,36,M,Unknown
1080,34,M,Unknown
1081,22,F,Married
1082,32,F,Married
1083,31,M,Single
1084,36,F,Married
1085,21,M,Single
1086,47,F,Married
1087,39,F,Unknown
1088,40,F,Unknown
1089,48,M,Unknown
1090,35,M,Unknown
1091,27,F,Unknown
1092,27,M,Single
1093,40,M,Unknown
1094,29,M,Single
1095,36,F,Married
1096,49,F,Married
1097,20,F,Single
1098,36,F,Unknown
1099,33,M,Unknown
1100,49,F,Divorced
1101,47,F,Unknown
1102,20,M,Unknown
1103,36,M,Married
1104,44,F,Unknown
1105,55,M,Divorced
1106,23,M,Divorced
1107,26,M,Unknown
1108,32,M,Married
1109,31,M,Married
1110,41,M,Married
1111,24,M,Unknown
1112,36,M,Unknown
1113,23,F,Single
1114,24,M,Married
1115,30,F,Divorced
1116,31,M,Unknown
1117,27,F,Unknown
1118,29,F,Single
1119,29,M,Unknown
1120,53,F,Married
1121,34,F,Unknown
1122,51,F,Married
1123,37,M,Unknown
1124,46,M,Unknown
1125,43,M,Unknown
1126,41,M,Single
1127,31,F,Unknown
1128,28,F,Unknown
1129,38,F,Unknown
1130,58,M,Married
1131,29,M,Divorced
1132,47,F,Single
1133,28,M,Unknown
1134,32,M,Unknown
1135,39,M,Unknown
1136,55,M,Unknown
1137,29,M,Single
1138,35,F,Married
1139,34,M,Unknown
1140,56,M,Single
1141,36,M,Unknown
1142,31,F,Divorced
1143,34,F,Married
1144,31,F,Divorced
1145,45,M,Single
1146,39,F,Unknown
1147,38,M,Divorced
1148,31,M,Divorced
1149,53,M,Unknown
1150,38,M,Unknown
1151,54,F,Single
1152,23,M,Single
1153,25,M,Unknown
1154,31,M,Unknown
1155,35,M,Married
1156,22,M,Unknown
1157,32,F,Single
1158,32,M,Unknown
1159,21,M,Single
1160,36,F,Unknown
1161,29,M,Married
1162,32,M,Unknown
1163,40,M,Unknown
1164,35,M,Unknown
1165,50,M,Unknown
1166,26,F,Single
1167,36,M,Unknown
1168,27,M,Unknown
1169,33,M,Unknown
1170,36,F,Married
1171,31,M,Single
1172,22,M,Unknown
1173,27,M,Divorced
1174,33,M,Unknown
1175,36,F,Single
1176,37,F,Unknown
1177,32,M,Married
1178,51,M,Divorced
1179,49,F,Unknown
1180,35,M,Single
1181,22,F,Married
1182,33,F,Unknown
1183,31,M,Divorced
1184,45,F,Unknown
1185,53,M,Married
1186,34,F,Unknown
1187,43,M,Unknown
1188,28,M,Divorced
1189,42,M,Single
1190,27,F,Unknown
1191,40,M,Unknown
1192,37,M,Married
1193,29,F,Unknown
1194,38,M,Married
1195,34,M,Divorced
1196,34,F,Married
1197,50,M,Married
1198,26,M,Unknown
1199,28,M,Divorced
1200,28,F,Married
1201,40,F,Married
1202,19,M,Single
1203,20,M,Single
1204,40,F,Divorced
1205,19,F,Unknown
1206,59,F,Single
1207,30,F,Unknown
1208,45,M,Married
1209,40,M,Unknown
1210,30,M,Unknown
1211,24,M,Unknown
1212,32,F,Married
1213,28,M,Married
1214,49,F,Single
1215,38,F,Married
1216,46,M,Unknown
1217,34,M,Unknown
1218,39,M,Unknown
1219,26,F,Married
1220,54,F,Married
1221,36,M,Unknown
1222,32,F,Unknown
1223,32,F,Unknown
1224,28,M,Unknown
1225,33,M,Divorced
1226,37,M,Single
1227,59,F,Unknown
1228,30,M,Divorced
1229,22,M,Unknown
1230,21,M,Single
1231,30,M,Unknown
1232,39,M,Married
1233,24,M,Unknown
1234,35,M,Divorced
1235,27,F,Divorced
1236,26,M,Single
1237,37,M,Married
1238,35,M,Unknown
1239,48,M,Unknown
1240,35,M,Married
1241,55,F,Divorced
1242,45,M,Unknown
1243,36,M,Unknown
1244,36,F,Unknown
1245,45,M,Unknown
1246,55,M,Married
1247,23,M,Divorced
1248,32,M,Single
1249,20,F,Single
1250,37,M,Divorced
1251,22,F,Single
1252,34,F,Unknown
1253,36,F,Divorced
1254,19,M,Single
1255,41,M,Unknown
1256,19,F,Single
1257,51,M,Married
1258,58,F,Married
1259,19,F,Unknown
1260,19,M,Single
1261,35,M,Unknown
1262,38,M,Unknown
1263,38,M,Married
1264,41,F,Single
1265,59,M,Married
1266,50,F,Divorced
1267,41,M,Divorced
1268,45,M,Unknown
1269,37,M,Unknown
1270,51,M,Married
1271,28,M,Single
1272,29,M,Married
1273,31,M,Unknown
1274,38,F,Unknown
1275,44,M,Unknown
1276,36,M,Single
1277,18,M,Single
1278,36,M,Married
1279,18,F,Unknown
1280,39,F,Married
1281,43,F,Married
1282,47,M,Unknown
1283,42,F,Single
1284,32,F,Married
1285,48,F,Married
1286,42,M,Unknown
1287,36,F,Unknown
1288,33,F,Single
1289,46,F,Married
1290,21,F,Single
1291,30,M,Unknown
1292,30,M,Single
1293,32,M,Single
1294,40,F,Married
1295,28,M,Unknown
1296,38,M,Married
1297,19,M,Single
1298,57,M,Divorced
1299,47,F,Unknown
1300,54,F,Single
1301,31,M,Unknown
1302,18,M,Unknown
1303,40,M,Unknown
1304,26,M,Unknown
1305,26,M,Single
1306,38,F,Unknown
1307,24,M,Married
1308,30,M,Married
1309,37,M,Married
1310,20,F,Unknown
1311,43,M,Divorced
1312,38,F,Unknown
1313,33,M,Divorced
1314,30,F,Unknown
1315,29,F,Unknown
1316,20,M,Single
1317,35,M,Married
1318,37,M,Single
1319,38,F,Single
1320,29,M,Single
1321,35,F,Divorced
1322,38,M,Married
1323,34,F,Unknown
1324,23,M,Unknown
1325,24,M,Divorced
1326,29,F,Married
1327,40,M,Unknown
1328,30,F,Single
1329,45,F,Unknown
1330,27,M,Married
1331,37,M,Unknown
1332,32,M,Divorced
1333,53,M,Married
1334,37,M,Single
1335,32,M,Unknown
1336,58,M,Divorced
1337,43,F,Divorced
1338,21,F,Single
1339,34,M,Unknown
1340,58,F,Divorced
1341,48,M,Married
1342,32,F,Married
1343,25,M,Married
1344,40,M,Divorced
1345,19,M,Single
1346,20,M,Single
1347,33,F,Unknown
1348,58,M,Single
1349,40,F,Single
1350,29,F,Single
1351,47,F,Single
1352,18,M,Unknown
1353,20,F,Unknown
1354,42,M,Unknown
1355,50,M,Married
1356,37,F,Unknown
1357,38,M,Unknown
1358,36,M,Divorced
1359,28,M,Married
1360,43,M,Unknown
1361,21,F,Single
1362,51,M,Married
1363,37,F,Divorced
1364,28,M,Divorced
1365,50,M,Single
1366,34,M,Unknown
1367,38,M,Single
1368,42,M,Unknown
1369,18,M,Single
1370,41,M,Unknown
1371,35,M,Unknown
1372,32,F,Unknown
1373,22,M,Married
1374,44,M,Single
1375,41,M,Unknown
1376,40,M,Unknown
1377,24,F,Unknown
1378,42,F,Married
1379,49,M,Married
1380,48,M,Single
1381,29,M,Unknown
1382,48,M,Single
1383,34,F,Unknown
1384,19,F,Single
1385,23,M,Unknown
1386,25,M,Single
1387,42,F,Married
1388,51,F,Single
1389,45,F,Unknown
1390,27,F,Married
1391,18,F,Single
1392,31,F,Single
1393,31,F,Single
1394,31,F,Unknown
1395,27,M,Married
1396,39,F,Single
1397,44,F,Married
1398,30,M,Unknown
1399,35,M,Unknown
1400,24,M,Unknown
1401,24,F,Married
1402,28,M,Single
1403,28,M,Unknown
1404,33,M,Unknown
1405,39,F,Single
1406,42,M,Married
1407,29,M,Married
1408,35,M,Unknown
1409,35,F,Unknown
1410,34,M,Single
1411,26,F,Unknown
1412,36,F,Single
1413,50,M,Married
1414,42,M,Unknown
1415,35,M,Unknown
1416,46,M,Unknown
1417,18,F,Single
1418,29,M,Divorced
1419,31,F,Unknown
1420,41,M,Single
1421,38,F,Unknown
1422,32,M,Single
1423,60,M,Divorced
1424,24,M,Married
1425,40,F,Unknown
1426,30,M,Married
1427,47,M,Unknown
1428,32,M,Single
1429,45,F,Married
1430,34,M,Married
1431,33,F,Unknown
1432,31,M,Married
1433,29,F,Divorced
1434,30,M,Married
1435,38,M,Married
1436,43,M,Unknown
1437,55,M,Married
1438,21,M,Single
1439,22,F,Unknown
1440,37,M,Divorced
1441,42,M,Married
1442,18,F,Single
1443,31,M,Married
1444,36,F,Unknown
1445,32,M,Unknown
1446,29,M,Divorced
1447,42,M,Unknown
1448,29,M,Married
1449,29,M,Unknown
1450,28,F,Unknown
1451,30,M,Unknown
1452,22,M,Single
1453,26,F,Unknown
1454,44,M,Unknown
1455,29,M,Single
1456,28,F,Unknown
1457,56,F,Married
1458,39,M,Married
1459,58,F,Unknown
1460,42,M,Divorced
1461,27,F,Married
1462,38,M,Single
1463,32,M,Unknown
1464,31,F,Unknown
1465,25,F,Unknown
1466,40,M,Married
1467,39,M,Unknown
1468,23,M,Married
1469,35,F,Single
1470,34,M,Unknown
1471,28,M,Single
1472,29,M,Married
1473,58,F,Married
1474,38,M,Divorced
1475,29,F,Married
1476,55,M,Single
1477,41,M,Unknown
1478,39,M,Unknown
1479,38,M,Unknown
1480,43,M,Unknown
1481,31,F,Married
1482,50,M,Married
1483,33,F,Unknown
1484,26,M,Married
1485,38,M,Unknown
1486,46,M,Unknown
1487,21,F,Single
1488,31,M,Married
1489,35,M,Divorced
1490,34,M,Single
1491,33,F,Single
1492,31,M,Unknown
1493,37,F,Unknown
1494,27,M,Married
1495,35,M,Married
1496,56,F,Divorced
1497,45,F,Unknown
1498,43,M,Unknown
1499,31,F,Unknown
1500,35,M,Unknown
1501,35,M,Divorced
1502,30,F,Single
1503,46,F,Married
1504,45,F,Married
1505,43,M,Married
1506,46,F,Unknown
1507,40,M,Unknown
1508,27,F,Single
1509,42,M,Married
1510,26,M,Married
1511,28,M,Married
1512,31,M,Married
1513,31,M,Unknown
1514,31,M,Unknown
1515,52,M,Unknown
1516,28,M,Married
1517,47,M,Married
1518,29,M,Unknown
1519,37,M,Unknown
1520,23,M,Unknown
1521,42,M,Divorced
1522,30,F,Unknown
1523,21,F,Single
1524,57,M,Unknown
1525,21,M,Single
1526,31,M,Unknown
1527,29,M,Unknown
1528,27,M,Unknown
1529,49,M,Single
1530,36,F,Married
1531,34,M,Unknown
1532,24,F,Divorced
1533,42,F,Unknown
1534,54,M,Married
1535,34,F,Married
1536,43,M,Unknown
1537,43,F,Unknown
1538,31,M,Married
1539,25,M,Married
1540,45,M,Married
1541,45,M,Married
1542,47,M,Married
1543,35,F,Divorced
1544,29,M,Single
1545,55,M,Married
1546,26,M,Single
1547,31,M,Unknown
1548,43,F,Unknown
1549,31,M,Unknown
1550,32,F,Single
1551,33,M,Unknown
1552,43,F,Divorced
1553,29,M,Unknown
1554,27,F,Unknown
1555,29,F,Divorced
1556,37,M,Divorced
1557,26,M,Unknown
1558,40,F,Married
1559,41,M,Unknown
1560,51,F,Unknown
1561,37,F,Unknown
1562,56,F,Married
1563,41,M,Married
1564,46,F,Unknown
1565,30,F,Single
1566,35,M,Unknown
1567,48,F,Married
1568,45,M,Unknown
1569,26,F,Unknown
1570,41,F,Single
1571,34,M,Single
1572,31,M,Divorced
1573,43,M,Divorced
1574,53,F,Single
1575,37,M,Married
1576,54,M,Unknown
1577,38,F,Unknown
1578,29,M,Divorced
1579,34,F,Unknown
1580,39,F,Single
1581,32,M,Unknown
1582,38,F,Unknown
1583,27,F,Married
1584,32,F,Single
1585,47,M,Single
1586,27,M,Unknown
1587,41,M,Unknown
1588,28,F,Unknown
1589,36,F,Married
1590,30,M,Divorced
1591,56,M,Married
1592,45,M,Single
1593,36,M,Single
1594,29,F,Married
1595,38,F,Single
1596,40,F,Unknown
1597,42,M,Unknown
1598,36,F,Unknown
1599,29,M,Married
1600,55,M,Single
1601,28,F,Unknown
1602,26,F,Married
1603,44,M,Unknown
1604,41,F,Divorced
1605,31,M,Unknown
1606,26,M,Unknown
1607,31,F,Unknown
1608,32,F,Married
1609,36,M,Married
1610,45,M,Unknown
1611,39,M,Single
1612,36,M,Divorced
1613,46,M,Unknown
